file_name	seed	formula_x	formula_y
NA	NA	NA	NA
2020-12-11-18-57_seed_3502.png	3502	runif(1, -1, 10) * x_i^2 - sin(y_i^2)	runif(1, -1, 10) * y_i^3 - cos(x_i^2) * y_i^4
2020-12-11-18-57_seed_5051.png	5051	runif(1, -1, 10) * x_i^2 - sin(y_i^2)	runif(1, -1, 10) * y_i^3 - cos(x_i^2) * y_i^4
2020-12-11-18-57_seed_1712.png	1712	runif(1, -1, 10) * x_i^2 - sin(y_i^2)	runif(1, -1, 10) * y_i^3 - cos(x_i^2) * y_i^4
2020-12-11-18-57_seed_5275.png	5275	runif(1, -1, 10) * x_i^2 - sin(y_i^2)	runif(1, -1, 10) * y_i^3 - cos(x_i^2) * y_i^4
2020-12-11-18-57_seed_6858.png	6858	runif(1, -1, 10) * x_i^2 - sin(y_i^2)	runif(1, -1, 10) * y_i^3 - cos(x_i^2) * y_i^4
2020-12-11-19-03_seed_9813.png	9813	runif(1, -1, 10) * x_i^2 - sin(y_i^2)	runif(1, -1, 10) * y_i^3 - cos(x_i^2) * y_i^4
2020-12-11-19-03_seed_8011.png	8011	runif(1, -1, 10) * x_i^2 - sin(y_i^2)	runif(1, -1, 10) * y_i^3 - cos(x_i^2) * y_i^4
2020-12-11-19-03_seed_6001.png	6001	runif(1, -1, 10) * x_i^2 - sin(y_i^2)	runif(1, -1, 10) * y_i^3 - cos(x_i^2) * y_i^4
2020-12-11-19-03_seed_8236.png	8236	runif(1, -1, 10) * x_i^2 - sin(y_i^2)	runif(1, -1, 10) * y_i^3 - cos(x_i^2) * y_i^4
2020-12-11-19-03_seed_9354.png	9354	runif(1, -1, 10) * x_i^2 - sin(y_i^2)	runif(1, -1, 10) * y_i^3 - cos(x_i^2) * y_i^4
2020-12-11-19-12_seed_2343.png	2343	runif(1, -1, 10) * x_i^2 - sin(y_i^2)	runif(1, -1, 10) * y_i^3 - cos(x_i^2) * y_i^4
2020-12-11-19-13_seed_6239.png	6239	runif(1, -1, 10) * x_i^2 - sin(y_i^2)	runif(1, -1, 10) * y_i^3 - cos(x_i^2) * y_i^4
2020-12-11-19-13_seed_4323.png	4323	runif(1, -1, 10) * x_i^2 - sin(y_i^2)	runif(1, -1, 10) * y_i^3 - cos(x_i^2) * y_i^4
2020-12-11-19-13_seed_8933.png	8933	runif(1, -1, 10) * x_i^2 - sin(y_i^2)	runif(1, -1, 10) * y_i^3 - cos(x_i^2) * y_i^4
2020-12-11-19-13_seed_8759.png	8759	runif(1, -1, 10) * x_i^2 - sin(y_i^2)	runif(1, -1, 10) * y_i^3 - cos(x_i^2) * y_i^4
2020-12-11-19-21_seed_7400.png	7400	runif(2, -1, 10) * x_i^2 - sqrt(y_i^3)	runif(2, -1, 10) * y_i^3 - sqrt(y_i^5)/x_i^22
2020-12-11-19-21_seed_6060.png	6060	runif(1, -1, 10) * x_i^2 - sqrt(y_i^3)	runif(1, -1, 10) * y_i^3 - sqrt(y_i^5)/x_i^22
2020-12-11-19-23_seed_8981.png	8981	runif(1, -1, 10) * x_i^2 - cos(y_i^3)	runif(1, -1, 10) * y_i^3 - sqrt(y_i^5)/x_i^22
2020-12-11-19-23_seed_2944.png	2944	runif(1, -1, 10) * x_i^2 - cos(y_i^3)	runif(1, -1, 10) * y_i^3 - sqrt(y_i)/x_i^22
2020-12-11-19-24_seed_701.png	701	runif(1, -1, 10) * x_i^2 - cos(y_i^3)	runif(1, -1, 10) * y_i^3 - sin(y_i) * x_i^22
2020-12-11-19-27_seed_3795.png	3795	runif(1, -1, 10) * x_i^2 - cos(y_i^3)	runif(1, -1, 10) * y_i^3 - sin(sqrt(y_i)) * x_i^11
2020-12-11-19-27_seed_5984.png	5984	runif(1, -1, 10) * x_i^2 - cos(y_i^3)	runif(1, -1, 10) * y_i^3 - sin(sqrt(y_i)) * x_i^11
2020-12-11-19-33_seed_2873.png	2873	runif(1, -1, 10) * x_i^2 - cos(y_i^3)	runif(1, -1, 10) * y_i^3 - sin(y_i^11)/cos(x_i^11)
2020-12-11-19-34_seed_9745.png	9745	runif(1, -1, 10) * x_i^2 - cos(y_i^3)	runif(1, -1, 10) * y_i^3 - sin(y_i^11)/cos(x_i^11)
2020-12-11-19-35_seed_4958.png	4958	runif(1, -1, 10) * x_i^2 - cos(y_i^3)	runif(1, -1, 10) * y_i^3 - sin(y_i^11)/cos(x_i^11)
2020-12-11-19-36_seed_1415.png	1415	runif(1, -1, 10) * x_i^3 - cos(y_i^3)	runif(1, -1, 10) * y_i^3 - sin(y_i^11)/cos(x_i^11)
2020-12-11-19-37_seed_9840.png	9840	runif(1, -1, 10) * x_i^3 - cos(y_i^3)	runif(1, -1, 10) * y_i^3 - sin(y_i^11)/cos(x_i^10)
2020-12-11-19-37_seed_3082.png	3082	runif(1, -1, 10) * x_i^3 - cos(y_i^3)	runif(1, -1, 10) * y_i^3 - sin(y_i^11)/cos(x_i^10)
2020-12-11-19-40_seed_7608.png	7608	runif(1, -1, 10) * x_i^3 - cos(y_i^3)	runif(1, -1, 10) * y_i^3 - sin(y_i^11)/cos(x_i^10)
2020-12-11-19-41_seed_4033.png	4033	runif(1, -1, 4) * x_i^4 - cos(y_i^4)	runif(1, -1, 4) * y_i^4 - sin(y_i^9)/cos(x_i^9)
2020-12-11-19-42_seed_1240.png	1240	runif(1, -1, 4) * x_i^4 - cos(y_i^4)	runif(1, -1, 4) * y_i^4 - sin(y_i^9)/cos(x_i^9)
2020-12-11-19-42_seed_6064.png	6064	runif(1, -1, 4) * x_i^4 - cos(y_i^4)	runif(1, -1, 4) * y_i^4 + sin(y_i^9)/cos(x_i^9)
2020-12-11-19-43_seed_8599.png	8599	runif(1, -1, 4) * x_i^4 + sin(y_i^4)	runif(1, -1, 4) * y_i^4 + sin(y_i^9)/cos(x_i^9)
2020-12-11-19-45_seed_8205.png	8205	runif(1, -1, 4) * y_i^7 + sin(y_i^6)/cos(x_i^9)	runif(1, -1, 4) * x_i^3 + cos(y_i^2)
2020-12-11-19-45_seed_221.png	221	runif(1, -1, 4) * y_i^7 + sin(y_i^6)/cos(x_i^9)	runif(1, -1, 4) * x_i^3 + cos(y_i^2)
2020-12-11-19-46_seed_6843.png	6843	runif(1, -1, 4) * y_i^7 + sin(y_i^6) * cos(x_i^9)	runif(1, -1, 4) * x_i^3 + cos(y_i^2)
2020-12-11-19-50_seed_6920.png	6920	runif(1, -1, 4) * y_i^7 + sin(y_i^6) * cos(x_i^9)	runif(1, -1, 4) * x_i^3 + cos(y_i^2)
2020-12-11-19-53_seed_1080.png	1080	runif(1, -1, 4) * y_i^17 + sin(y_i^6) * cos(x_i^9)	runif(1, -1, 4) * x_i^3 + cos(y_i^2)
2020-12-11-19-53_seed_8020.png	8020	runif(1, -1, 4) * y_i^17 + sin(y_i^6) * cos(x_i^9)	runif(1, -1, 4) * x_i^13 + cos(y_i^2)
2020-12-11-19-54_seed_815.png	815	runif(1, -1, 4) * y_i^17 + sin(y_i^7) * cos(x_i^9)	runif(1, -1, 4) * x_i^13/cos(y_i^2)
2020-12-11-19-55_seed_7252.png	7252	runif(1, -1, 4) * y_i^17 + sin(y_i^7) * cos(x_i^9)	runif(1, -1, 4) * x_i^13/cos(y_i^2)
2020-12-11-19-57_seed_7846.png	7846	runif(1, -1, 2) * x_i^13/cos(y_i^2)	runif(1, -1, 2) * y_i^17 + sin(y_i^7) * cos(x_i^9)
2020-12-11-19-59_seed_6300.png	6300	runif(1, -1, 2) * x_i^2 + 2 * x_i * y_i + y_i^2	runif(1, -1, 2) * y_i^17 + sin(y_i^7) * cos(x_i^9)
2020-12-11-19-59_seed_104.png	104	runif(1, -1, 2) * x_i^2 + 2 * x_i * y_i + y_i^2	runif(1, -1, 2) * y_i^17 + sin(y_i^7) * cos(x_i^9)
2020-12-11-20-02_seed_8344.png	8344	runif(1, -1, 2) * x_i^2 + 2 * x_i * y_i + y_i^2	runif(1, -1, 2) * y_i^3 + x_i^3 + 3 * x_i * y_i^2 + 3 * y_i * x_^2
2020-12-11-20-05_seed_6228.png	6228	runif(1, -1, 2) * x_i^2	runif(1, -1, 2) * y_i^3
2020-12-11-20-05_seed_1890.png	1890	runif(1, -1, 2) * x_i^2	runif(1, -1, 2) * y_i^3
2020-12-11-20-06_seed_4159.png	4159	runif(1, -1, 2) * (x_i^2 + 2 * x_i * y_i + y_i^2)	runif(1, -1, 2) * (y_i^3 + x_i^3 + 3 * x_i * y_i^2 + 3 * y_i * x_^2)
2020-12-11-20-08_seed_6806.png	6806	runif(1, -1, 2) * (x_i^2 + x_i * y_i)	runif(1, -1, 2) * (y_i^3)
2020-12-11-20-08_seed_6536.png	6536	runif(1, -1, 2) * (x_i^2 + x_i * y_i)	runif(1, -1, 2) * (y_i^3)
2020-12-11-20-09_seed_6153.png	6153	runif(1, -1, 2) * (x_i^3 + x_i * y_i)	runif(1, -1, 2) * (y_i^3)
2020-12-11-20-09_seed_910.png	910	runif(1, -1, 2) * (x_i^3 + x_i * y_i)	runif(1, -1, 2) * (y_i^3)
2020-12-11-20-10_seed_1562.png	1562	runif(1, -1, 2) * (x_i^2 + 2 * x_i * y_i)	runif(1, -1, 2) * (y_i^3)
2020-12-11-20-10_seed_3613.png	3613	runif(1, -1, 2) * (x_i^2 + 2 * x_i * y_i)	runif(1, -1, 2) * (y_i^3)
2020-12-11-20-11_seed_648.png	648	runif(1, -1, 2) * (x_i^2 + (-99) * x_i * y_i)	runif(1, -1, 2) * (y_i^3)
2020-12-11-20-11_seed_7084.png	7084	runif(1, -1, 2) * (x_i^2 + (-99) * x_i * y_i)	runif(1, -1, 2) * (y_i^3)
2020-12-11-20-12_seed_2594.png	2594	runif(1, -1, 2) * (x_i^2 + (-100) * x_i * y_i)	runif(1, -1, 2) * (y_i^3)
2020-12-11-20-12_seed_906.png	906	runif(1, -1, 2) * (x_i^2 + (-100) * x_i * y_i)	runif(1, -1, 2) * (y_i^3)
2020-12-11-20-13_seed_6616.png	6616	runif(1, -1, 2) * (x_i^2 + (-100) * x_i * y_i)	runif(1, -1, 2) * (y_i^3 + 0.01)
2020-12-11-20-14_seed_1603.png	1603	runif(1, -1, 2) * (x_i^2 + (-100) * x_i * y_i)	runif(1, -1, 2) * (y_i^3 + 100)
2020-12-11-20-14_seed_5971.png	5971	runif(1, -1, 2) * (x_i^2 + (-100) * x_i * y_i)	runif(1, -1, 2) * (y_i^3 + sin(x_i))
2020-12-11-20-15_seed_1197.png	1197	runif(1, -1, 2) * (x_i^2 + (-100) * x_i * y_i)	runif(1, -1, 2) * (y_i^3 + sin(x_i)/cos(x_i))
2020-12-11-20-16_seed_3774.png	3774	runif(1, -1, 2) * (x_i^2 + (-100) * x_i * y_i)	runif(1, -1, 2) * (y_i^3 + sin(x_i)/cos(y_i))
2020-12-11-20-16_seed_2717.png	2717	runif(1, -1, 2) * (x_i^2 + (-100) * x_i * y_i)	runif(1, -1, 2) * (y_i^3 + sin(x_i) + cos(y_i))
2020-12-11-20-18_seed_1863.png	1863	runif(1, -1, 2) * (x_i^2 + (-100) * x_i * y_i)	runif(1, -1, 2) * (y_i^3 + x_i * y_i)
2020-12-11-20-19_seed_395.png	395	runif(1, -1, 2) * (x_i^2 + (-100) * x_i * y_i)	runif(1, -1, 2) * (y_i^3 + 2 * x_i * (y_i^2))
2020-12-11-20-20_seed_4691.png	4691	runif(1, -1, 2) * (x_i^2 + (-100) * x_i * y_i)	runif(1, -1, 2) * (y_i^3 + 2 * y_i * (x_i^2))
2020-12-11-20-21_seed_4162.png	4162	runif(1, -1, 2) * (x_i^2 + (-100) * x_i * y_i)	runif(1, -1, 2) * (y_i^3 + 3 * y_i * (x_i^2) + 3 * x_i * (y_i^2))
2020-12-11-20-22_seed_7664.png	7664	runif(1, -1, 2) * (x_i^2 + (-100) * x_i * y_i)	runif(1, -1, 2) * (y_i^3 + 3 * y_i * (x_i^2) + 3 * x_i * (y_i^2) + x_i^3)
2020-12-11-20-23_seed_4833.png	4833	runif(1, -1, 2) * (x_i^2 + (-100) * x_i * y_i)	runif(1, -1, 2) * (y_i^3 + 3 * y_i * (x_i^2) + 3 * x_i * (y_i^2) + x_i^3)
2020-12-11-20-26_seed_8537.png	8537	runif(1, -1, 2) * x_i^2 - sin(y_i^2)	runif(1, -1, 2) * (y_i^3 + 3 * y_i * (x_i^2) + 3 * x_i * (y_i^2) + x_i^3)
2020-12-11-20-27_seed_6019.png	6019	runif(1, -1, 2) * x_i^2 - sin(y_i^2)	runif(1, -1, 2) * (y_i^3 + 3 * y_i * (x_i^2) + 3 * x_i * (y_i^2) + x_i^3)
2020-12-11-20-29_seed_8350.png	8350	runif(1, -1, 2) * x_i^2 - sin(y_i^2)	runif(1, -1, 2) * (y_i^3 + 3 * y_i * (x_i^2) + 3 * x_i * (y_i^2) + x_i^3)
2020-12-11-20-31_seed_8755.png	8755	runif(1, -1, 2) * x_i^2 - sin(y_i^2)	runif(1, -1, 2) * (y_i^3 + 3 * y_i * (x_i^2) + 3 * x_i * (y_i^2) + x_i^3)
2020-12-11-20-32_seed_7710.png	7710	runif(1, -1, 2) * x_i^2 - sin(y_i^2)	runif(1, -1, 2) * (y_i^3 + 3 * y_i * (x_i^2) + 3 * x_i * (y_i^2) + x_i^3)
2020-12-11-20-33_seed_6968.png	6968	runif(1, -1, 10) * y_i^3 - cos(x_i^2) * y_i^4	runif(1, -1, 2) * (y_i^3 + 3 * y_i * (x_i^2) + 3 * x_i * (y_i^2) + x_i^3)
2020-12-11-20-34_seed_4725.png	4725	runif(1, -1, 2) * (y_i^3 + 3 * y_i * (x_i^2) + 3 * x_i * (y_i^2) + x_i^3)	runif(1, -1, 10) * y_i^3 - cos(x_i^2) * y_i^4
2020-12-11-20-34_seed_6400.png	6400	runif(1, -1, 2) * (y_i^3 + 3 * y_i * (x_i^2) + 3 * x_i * (y_i^2) + x_i^3)	runif(1, -1, 10) * y_i^3 - cos(x_i^2) * y_i^4
2020-12-11-20-34_seed_6813.png	6813	runif(1, -1, 2) * (y_i^3 + 3 * y_i * (x_i^2) + 3 * x_i * (y_i^2) + x_i^3)	runif(1, -1, 10) * y_i^3 - cos(x_i^2) * y_i^4
2020-12-11-20-35_seed_1586.png	1586	runif(1, -1, 2) * (y_i^3 + 3 * y_i * (x_i^2) + 3 * x_i * (y_i^2) + x_i^3)	runif(1, -1, 10) * y_i^3 - cos(x_i^2)/y_i^3
2020-12-11-20-35_seed_7944.png	7944	runif(1, -1, 2) * (y_i^3 + 3 * y_i * (x_i^2) + 3 * x_i * (y_i^2) + x_i^3)	runif(1, -1, 10) * y_i^3 - cos(x_i^2)/y_i^3
2020-12-11-20-35_seed_1386.png	1386	runif(1, -1, 2) * (y_i^3 + 3 * y_i * (x_i^2) + 3 * x_i * (y_i^2) + x_i^3)	runif(1, -1, 10) * y_i^3 - cos(x_i^2)/y_i^3
2020-12-11-20-36_seed_58.png	58	runif(1, -1, 2) * (y_i^3 + 3 * y_i * (x_i^2) + 3 * x_i * (y_i^2) + x_i^3)	runif(1, -1, 10) * y_i^3 - cos(x_i^22) * y_i^3
2020-12-11-20-36_seed_7837.png	7837	runif(1, -1, 2) * (y_i^3 + 3 * y_i * (x_i^2) + 3 * x_i * (y_i^2) + x_i^3)	runif(1, -1, 10) * y_i^3 - cos(x_i^22) * y_i^3
2020-12-11-20-36_seed_1947.png	1947	runif(1, -1, 2) * (y_i^3 + 3 * y_i * (x_i^2) + 3 * x_i * (y_i^2) + x_i^3)	runif(1, -1, 10) * y_i^3 - cos(x_i^22) * y_i^3
2020-12-11-20-36_seed_3225.png	3225	runif(1, -1, 2) * (y_i^3 + 3 * y_i * (x_i^2) + 3 * x_i * (y_i^2) + x_i^3)	runif(1, -1, 10) * y_i^3 - cos(x_i^22) * y_i^3
2020-12-11-20-37_seed_6388.png	6388	runif(1, -1, 2) * (y_i^3 + 3 * y_i * (x_i^2) + 3 * x_i * (y_i^2) + x_i^3)	runif(1, -1, 10) * y_i^3 - cos(x_i^22) * y_i^3
2020-12-11-20-37_seed_9092.png	9092	runif(1, -1, 2) * (y_i^3 + 3 * y_i * (x_i^2) + 3 * x_i * (y_i^2) + x_i^3)	runif(1, -1, 10) * y_i^3 - cos(x_i^22) * y_i^3
2020-12-11-20-38_seed_3040.png	3040	runif(1, -1, 2) * (y_i^3 + 3 * y_i * (x_i^2) + 3 * x_i * (y_i^2) + x_i^3)	runif(1, -1, 10) * y_i^3 - cos(x_i^22) * y_i^3
2020-12-11-20-39_seed_9029.png	9029	runif(1, -1, 2) * (y_i^3 + 3 * y_i * (x_i^2) + 3 * x_i * (y_i^2) + x_i^3)	runif(1, -1, 10) * y_i^3 - cos(x_i^22) * y_i^3
2020-12-11-20-39_seed_1858.png	1858	runif(1, -1, 2) * (y_i^3 + 3 * y_i * (x_i^2) + 3 * x_i * (y_i^2) + x_i^3)	runif(1, -1, 10) * y_i^3 - cos(x_i^22) * y_i^3
2020-12-11-20-39_seed_3974.png	3974	runif(1, -1, 2) * (y_i^3 + 3 * y_i * (x_i^2) + 3 * x_i * (y_i^2) + x_i^3)	runif(1, -1, 10) * y_i^3 - cos(x_i^22) * y_i^3
2020-12-11-20-40_seed_8837.png	8837	runif(1, -1, 2) * (y_i^3 + 3 * y_i * (x_i^2) + 3 * x_i * (y_i^2) + x_i^3)	runif(1, -1, 10) * y_i^3 - cos(x_i^22) * y_i^3
2020-12-11-20-40_seed_5582.png	5582	runif(1, -1, 2) * (y_i^3 + 3 * y_i * (x_i^2) + 3 * x_i * (y_i^2) + x_i^3)	runif(1, -1, 10) * y_i^3 - cos(x_i^22) * y_i^3
2020-12-11-20-40_seed_1442.png	1442	runif(1, -1, 2) * (y_i^3 + 3 * y_i * (x_i^2) + 3 * x_i * (y_i^2) + x_i^3)	runif(1, -1, 10) * y_i^3 - cos(x_i^22) * y_i^3
2020-12-11-20-42_seed_92.png	92	runif(1, -1, 2) * (y_i^3 + 3 * y_i * (x_i^2) + 3 * x_i * (y_i^2) + x_i^3)	runif(1, -1, 10) * y_i^3 - cos(x_i^22) * y_i^33
2020-12-11-20-42_seed_4063.png	4063	runif(1, -1, 2) * (y_i^3 + 3 * y_i * (x_i^2) + 3 * x_i * (y_i^2) + x_i^3)	runif(1, -1, 10) * y_i^3 - cos(x_i^22) * y_i^33
2020-12-11-20-42_seed_9256.png	9256	runif(1, -1, 2) * (y_i^3 + 3 * y_i * (x_i^2) + 3 * x_i * (y_i^2) + x_i^3)	runif(1, -1, 10) * y_i^3 - cos(x_i^22) * y_i^33
2020-12-11-20-43_seed_5910.png	5910	runif(1, -1, 2) * (y_i^3 + 3 * y_i * (x_i^2) + 3 * x_i * (y_i^2) + x_i^3)	runif(1, -1, 10) * y_i^3 - cos(x_i^22) * y_i^33
2020-12-11-20-43_seed_2391.png	2391	runif(1, -1, 2) * (y_i^3 + 3 * y_i * (x_i^2) + 3 * x_i * (y_i^2) + x_i^3)	runif(1, -1, 10) * y_i^3 - cos(x_i^22) * y_i^33
2020-12-11-20-43_seed_7200.png	7200	runif(1, -1, 2) * (y_i^3 + 3 * y_i * (x_i^2) + 3 * x_i * (y_i^2) + x_i^3)	runif(1, -1, 10) * y_i^3 - cos(x_i^22) * y_i^33
2020-12-11-20-43_seed_1565.png	1565	runif(1, -1, 2) * (y_i^3 + 3 * y_i * (x_i^2) + 3 * x_i * (y_i^2) + x_i^3)	runif(1, -1, 10) * y_i^3 - cos(x_i^22) * y_i^33
2020-12-11-20-44_seed_6677.png	6677	runif(1, -1, 2) * (y_i^3 + 3 * y_i * (x_i^2) + 3 * x_i * (y_i^2) + x_i^3)	runif(1, -1, 10) * y_i^3 - cos(x_i^22) * y_i^33
2020-12-11-20-44_seed_268.png	268	runif(1, -1, 2) * (y_i^3 + 3 * y_i * (x_i^2) + 3 * x_i * (y_i^2) + x_i^3)	runif(1, -1, 10) * y_i^3 - cos(x_i^22) * y_i^33
2020-12-11-20-45_seed_635.png	635	runif(1, -1, 2) * (y_i^3 + 3 * y_i * (x_i^2) + 3 * x_i * (y_i^2) + x_i^3)	runif(1, -1, 10) * y_i^3 - cos(x_i^17) * y_i^33
2020-12-11-20-46_seed_596.png	596	runif(1, -1, 2) * (y_i^3 + 3 * y_i * (x_i^2) + 3 * x_i * (y_i^2) + x_i^3)	runif(1, -1, 10) * y_i^3 - cos(x_i^17) * y_i^33
2020-12-11-20-46_seed_1706.png	1706	runif(1, -1, 2) * (y_i^3 + 3 * y_i * (x_i^2) + 3 * x_i * (y_i^2) + x_i^3)	runif(1, -1, 10) * y_i^3 - cos(x_i^17) * y_i^33
2020-12-11-20-47_seed_4497.png	4497	runif(1, -1, 2) * (y_i^3 + 3 * y_i * (x_i^2) + 3 * x_i * (y_i^2) + x_i^3)	runif(1, -1, 10) * y_i^3 - sin(x_i^17) * y_i^33
2020-12-11-20-47_seed_7839.png	7839	runif(1, -1, 2) * (y_i^3 + 3 * y_i * (x_i^2) + 3 * x_i * (y_i^2) + x_i^3)	runif(1, -1, 10) * y_i^3 - sin(x_i^17) * y_i^33
2020-12-11-20-47_seed_8072.png	8072	runif(1, -1, 2) * (y_i^3 + 3 * y_i * (x_i^2) + 3 * x_i * (y_i^2) + x_i^3)	runif(1, -1, 10) * y_i^3 - sin(x_i^17) * y_i^33
2020-12-11-20-48_seed_813.png	813	runif(1, -1, 2) * (y_i^3 + 3 * y_i * (x_i^2) + 3 * x_i * (y_i^2) + x_i^3)	runif(1, -1, 10) * y_i^3 - sin(x_i^17) * cos(y_i^33)
2020-12-11-20-48_seed_2884.png	2884	runif(1, -1, 2) * (y_i^3 + 3 * y_i * (x_i^2) + 3 * x_i * (y_i^2) + x_i^3)	runif(1, -1, 10) * y_i^3 - sin(x_i^17) * cos(y_i^33)
2020-12-11-20-48_seed_3789.png	3789	runif(1, -1, 2) * (y_i^3 + 3 * y_i * (x_i^2) + 3 * x_i * (y_i^2) + x_i^3)	runif(1, -1, 10) * y_i^3 - sin(x_i^17) * cos(y_i^33)
2020-12-11-20-50_seed_3171.png	3171	runif(1, -1, 2) * (y_i^3 + 3 * y_i * (x_i^2) + 3 * x_i * (y_i^2) + x_i^3)	runif(1, -1, 10) * y_i^3 - sin(x_i^33)/cos(y_i^33)
2020-12-11-20-51_seed_8156.png	8156	runif(1, -1, 2) * (y_i^3 + 3 * y_i * (x_i^2) + 3 * x_i * (y_i^2) + x_i^3)	runif(1, -1, 10) * y_i^3 - sin(x_i^33)/cos(y_i^33)
2020-12-11-20-51_seed_8921.png	8921	runif(1, -1, 2) * (y_i^3 + 3 * y_i * (x_i^2) + 3 * x_i * (y_i^2) + x_i^3)	runif(1, -1, 10) * y_i^3 - sin(x_i^33)/cos(y_i^33)
2020-12-11-20-52_seed_9427.png	9427	runif(1, -1, 20) * (y_i^3 + 3 * y_i * (x_i^2) + 3 * x_i * (y_i^2) + x_i^3)	runif(1, -1, 20) * y_i^3 - sin(x_i^33)/cos(y_i^33)
2020-12-11-20-52_seed_8971.png	8971	runif(1, -1, 20) * (y_i^3 + 3 * y_i * (x_i^2) + 3 * x_i * (y_i^2) + x_i^3)	runif(1, -1, 20) * y_i^3 - sin(x_i^33)/cos(y_i^33)
2020-12-11-20-52_seed_2983.png	2983	runif(1, -1, 20) * (y_i^3 + 3 * y_i * (x_i^2) + 3 * x_i * (y_i^2) + x_i^3)	runif(1, -1, 20) * y_i^3 - sin(x_i^33)/cos(y_i^33)
2020-12-11-20-54_seed_2612.png	2612	runif(1, -1, 20) * (y_i^3 + 3 * y_i * (x_i^2) + sin(3 * x_i * (y_i^2)) + x_i^3)	runif(1, -1, 20) * y_i^3 - sin(x_i^33)/cos(y_i^33)
2020-12-11-20-55_seed_2319.png	2319	runif(1, -1, 20) * (y_i^3 + 3 * y_i * (x_i^2) + sin(3 * x_i * (y_i^2)) + x_i^3)	runif(1, -1, 20) * y_i^3 - sin(x_i^33)/cos(y_i^33)
2020-12-11-20-55_seed_1462.png	1462	runif(1, -1, 20) * (y_i^3 + 3 * y_i * (x_i^2) + sin(3 * x_i * (y_i^2)) + x_i^3)	runif(1, -1, 20) * y_i^3 - sin(x_i^33)/cos(y_i^33)
2020-12-11-20-56_seed_6952.png	6952	runif(1, -1, 20) * y_i^3 - cos(x_i^11)/sin(y_i^2)	runif(1, -1, 20) * (y_i^3 + 3 * y_i * (x_i^2) + sin(3 * x_i * (y_i^2)) + x_i^3)
2020-12-11-20-56_seed_5048.png	5048	runif(1, -1, 20) * y_i^3 - cos(x_i^11)/sin(y_i^2)	runif(1, -1, 20) * (y_i^3 + 3 * y_i * (x_i^2) + sin(3 * x_i * (y_i^2)) + x_i^3)
2020-12-11-20-56_seed_1314.png	1314	runif(1, -1, 20) * y_i^3 - cos(x_i^11)/sin(y_i^2)	runif(1, -1, 20) * (y_i^3 + 3 * y_i * (x_i^2) + sin(3 * x_i * (y_i^2)) + x_i^3)
2020-12-11-20-57_seed_7334.png	7334	runif(1, -1, 20) * y_i^3 - cos(x_i^11)/sin(y_i^2)	runif(1, -1, 20) * (y_i^3 + 3 * y_i * (x_i^2) + (3 * x_i * (y_i^2)) + x_i^3)
2020-12-11-20-57_seed_1662.png	1662	runif(1, -1, 20) * y_i^3 - cos(x_i^11)/sin(y_i^2)	runif(1, -1, 20) * (y_i^3 + 3 * y_i * (x_i^2) + (3 * x_i * (y_i^2)) + x_i^3)
2020-12-11-20-57_seed_1131.png	1131	runif(1, -1, 20) * y_i^3 - cos(x_i^11)/sin(y_i^2)	runif(1, -1, 20) * (y_i^3 + 3 * y_i * (x_i^2) + (3 * x_i * (y_i^2)) + x_i^3)
2020-12-11-20-58_seed_6821.png	6821	runif(1, -1, 4) * y_i^7 + sin(y_i^6) * cos(x_i^9)	runif(1, -1, 20) * (y_i^3 + 3 * y_i * (x_i^2) + (3 * x_i * (y_i^2)) + x_i^3)
2020-12-11-20-58_seed_7404.png	7404	runif(1, -1, 4) * y_i^7 + sin(y_i^6) * cos(x_i^9)	runif(1, -1, 20) * (y_i^3 + 3 * y_i * (x_i^2) + (3 * x_i * (y_i^2)) + x_i^3)
2020-12-11-20-58_seed_6676.png	6676	runif(1, -1, 4) * y_i^7 + sin(y_i^6) * cos(x_i^9)	runif(1, -1, 20) * (y_i^3 + 3 * y_i * (x_i^2) + (3 * x_i * (y_i^2)) + x_i^3)
2020-12-11-21-03_seed_8350.png	8350	runif(1, -1, 20) * (y_i^3 + 3 * y_i * (x_i^2) + (3 * x_i * (y_i^2)) + x_i^3)	runif(1, -1, 20) * (y_i^2 + 2 * y_i * x_i + x_i^2)
2020-12-11-21-03_seed_1003.png	1003	runif(1, -1, 20) * (y_i^3 + 3 * y_i * (x_i^2) + (3 * x_i * (y_i^2)) + x_i^3)	runif(1, -1, 20) * (y_i^2 + 2 * y_i * x_i + x_i^2)
2020-12-11-21-03_seed_801.png	801	runif(1, -1, 20) * (y_i^3 + 3 * y_i * (x_i^2) + (3 * x_i * (y_i^2)) + x_i^3)	runif(1, -1, 20) * (y_i^2 + 2 * y_i * x_i + x_i^2)
2020-12-11-21-04_seed_4628.png	4628	runif(1, -1, 20) * (y_i^2 + 2 * y_i * x_i + x_i^2)	runif(1, -1, 20) * (y_i^3 + 3 * y_i * (x_i^2) + (3 * x_i * (y_i^2)) + x_i^3)
2020-12-11-21-05_seed_1676.png	1676	runif(1, -1, 20) * (y_i^2 + 2 * y_i * x_i + x_i^2)	runif(1, -1, 20) * (y_i^3 + 3 * y_i * (x_i^2) + (3 * x_i * (y_i^2)) + x_i^3)
2020-12-11-21-06_seed_9819.png	9819	runif(1, -1, 20) * sqrt(y_i^2 + x_i^2)	runif(1, -1, 20) * (y_i^3 + 3 * y_i * (x_i^2) + (3 * x_i * (y_i^2)) + x_i^3)
2020-12-11-21-06_seed_1937.png	1937	runif(1, -1, 20) * sqrt(y_i^2 + x_i^2)	runif(1, -1, 20) * (y_i^3 + 3 * y_i * (x_i^2) + (3 * x_i * (y_i^2)) + x_i^3)
2020-12-11-21-07_seed_2049.png	2049	runif(1, -1, 20) * (y_i^3 + 3 * y_i * (x_i^2) + (3 * x_i * (y_i^2)) + x_i^3)	runif(1, -1, 20) * sqrt(y_i^2 + x_i^2)
2020-12-11-21-07_seed_4518.png	4518	runif(1, -1, 20) * (y_i^3 + 3 * y_i * (x_i^2) + (3 * x_i * (y_i^2)) + x_i^3)	runif(1, -1, 20) * sqrt(y_i^2 + x_i^2)
2020-12-11-21-08_seed_4582.png	4582	runif(1, -1, 20) * (y_i^3 + 3 * y_i * (x_i^2) + (3 * x_i * (y_i^2)) + x_i^3)	runif(1, -1, 20) * sqrt(y_i^2 + x_i^2) + sin(y_i^7)
2020-12-11-21-09_seed_9681.png	9681	runif(1, -1, 20) * (y_i^3 + 3 * y_i * (x_i^2) + (3 * x_i * (y_i^2)) + x_i^3)	runif(1, -1, 20) * sqrt(y_i^2 + x_i^2) + sin(y_i^7) * cos((x_i * 9))
2020-12-11-21-10_seed_8815.png	8815	runif(1, -1, 20) * (y_i^3 + 3 * y_i * (x_i^2) + (3 * x_i * (y_i^2)) + x_i^3)	runif(1, -1, 20) * sqrt(y_i^2 + x_i^2) + sin(y_i^7) * cos((x_i * 7))
2020-12-11-21-10_seed_6920.png	6920	runif(1, -1, 20) * sqrt(y_i^2 + x_i^2) + sin(y_i^7) * cos((x_i * 9))	runif(1, -1, 20) * (y_i^3 + 3 * y_i * (x_i^2) + (3 * x_i * (y_i^2)) + x_i^3)
2020-12-11-21-11_seed_1080.png	1080	runif(1, -1, 20) * sqrt(y_i^2 + x_i^2) + sin(y_i^7) * cos((x_i * 9))	runif(1, -1, 20) * (y_i^3 + 3 * y_i * (x_i^2) + (3 * x_i * (y_i^2)) + x_i^3)
2020-12-11-21-12_seed_8020.png	8020	runif(1, -1, 20) * sqrt(y_i^2 + x_i^2) + sin(y_i^7) * cos((x_i * 9))	runif(1, -1, 20) * (y_i^3 + 3 * y_i * (x_i^2) + (3 * x_i * (y_i^2)) + x_i^3)
2020-12-11-21-12_seed_7292.png	7292	runif(1, -1, 20) * sqrt(y_i^2 + x_i^2) + sin(y_i^7) * cos((x_i * 9))	runif(1, -1, 20) * (y_i^3 + 3 * y_i * (x_i^2) + (3 * x_i * (y_i^2)) + x_i^3)
2020-12-11-21-13_seed_2987.png	2987	runif(1, -1, 20) * sqrt(y_i^2 + x_i^2) + sin(y_i^7)/cos((x_i * 9))	runif(1, -1, 20) * (y_i^3 + 3 * y_i * (x_i^2) + (3 * x_i * (y_i^2)) + x_i^3)
2020-12-11-21-13_seed_6045.png	6045	runif(1, -1, 20) * sqrt(y_i^2 + x_i^2) + sin(y_i^7)/cos((x_i * 9))	runif(1, -1, 20) * (y_i^3 + 3 * y_i * (x_i^2) + (3 * x_i * (y_i^2)) + x_i^3)
2020-12-11-21-15_seed_1362.png	1362	runif(1, -1, 20) * sqrt(y_i^3 + x_i^3)	runif(1, -1, 20) * (y_i^3 + 3 * y_i * (x_i^2) + (3 * x_i * (y_i^2)) + x_i^3)
2020-12-11-21-15_seed_4254.png	4254	runif(1, -1, 20) * sqrt(y_i^3 + x_i^3)	runif(1, -1, 20) * (y_i^3 + 3 * y_i * (x_i^2) + (3 * x_i * (y_i^2)) + x_i^3)
2020-12-11-21-15_seed_8122.png	8122	runif(1, -1, 20) * (y_i^3 + 3 * y_i * (x_i^2) + (3 * x_i * (y_i^2)) + x_i^3)	runif(1, -1, 20) * sqrt(y_i^3 + x_i^3)
2020-12-11-21-16_seed_9309.png	9309	runif(1, -1, 20) * (y_i^3 + 3 * y_i * (x_i^2) + (3 * x_i * (y_i^2)) + x_i^3)	runif(1, -1, 20) * sqrt(y_i^3 + x_i^3)
2020-12-11-21-20_seed_8789.png	8789	runif(1, -1, 20) * (y_i^3 + 3 * y_i * (x_i^2) + (3 * x_i * (y_i^2)) + x_i^3)	runif(1, -1, 20) * (y_i^4 + (4 * y_i * (x_i^3)) + (4 * x_i * (y_i^3)) + (6 * (a^2) * (b^2)) + x_i^4)
2020-12-11-21-21_seed_7476.png	7476	runif(1, -1, 20) * (y_i^3 + 3 * y_i * (x_i^2) + (3 * x_i * (y_i^2)) + x_i^3)	runif(1, -1, 20) * (y_i^4 + (4 * y_i * (x_i^3)) + (4 * x_i * (y_i^3)) + (6 * (x_i^2) * (y_i^2)) + x_i^4)
2020-12-11-21-21_seed_4566.png	4566	runif(1, -1, 20) * (y_i^3 + 3 * y_i * (x_i^2) + (3 * x_i * (y_i^2)) + x_i^3)	runif(1, -1, 20) * (y_i^4 + (4 * y_i * (x_i^3)) + (4 * x_i * (y_i^3)) + (6 * (x_i^2) * (y_i^2)) + x_i^4)
2020-12-11-21-22_seed_6058.png	6058	runif(1, -1, 2) * x_i^2 - sin(y_i^2)	runif(1, -1, 20) * (y_i^4 + (4 * y_i * (x_i^3)) + (4 * x_i * (y_i^3)) + (6 * (x_i^2) * (y_i^2)) + x_i^4)
2020-12-11-21-22_seed_2529.png	2529	runif(1, -1, 2) * x_i^2 - sin(y_i^2)	runif(1, -1, 20) * (y_i^4 + (4 * y_i * (x_i^3)) + (4 * x_i * (y_i^3)) + (6 * (x_i^2) * (y_i^2)) + x_i^4)
2020-12-11-21-23_seed_1138.png	1138	runif(1, -1, 20) * (y_i^4 + (4 * y_i * (x_i^3)) + (4 * x_i * (y_i^3)) + (6 * (x_i^2) * (y_i^2)) + x_i^4)	runif(1, -1, 2) * x_i^2 - sin(y_i^2)
2020-12-11-21-23_seed_4734.png	4734	runif(1, -1, 20) * (y_i^4 + (4 * y_i * (x_i^3)) + (4 * x_i * (y_i^3)) + (6 * (x_i^2) * (y_i^2)) + x_i^4)	runif(1, -1, 2) * x_i^2 - sin(y_i^2)
2020-12-11-21-23_seed_2846.png	2846	runif(1, -1, 20) * (y_i^4 + (4 * y_i * (x_i^3)) + (4 * x_i * (y_i^3)) + (6 * (x_i^2) * (y_i^2)) + x_i^4)	runif(1, -1, 2) * x_i^2 - sin(y_i^2)
2020-12-11-21-23_seed_437.png	437	runif(1, -1, 20) * (y_i^4 + (4 * y_i * (x_i^3)) + (4 * x_i * (y_i^3)) + (6 * (x_i^2) * (y_i^2)) + x_i^4)	runif(1, -1, 2) * x_i^2 - sin(y_i^2)
2020-12-11-21-24_seed_4340.png	4340	runif(1, -1, 20) * (y_i^4 + (4 * y_i * (x_i^3)) + (4 * x_i * (y_i^3)) + (6 * (x_i^2) * (y_i^2)) + x_i^4)	runif(1, -1, 2) * x_i^2 - sin(y_i^2)
2020-12-11-21-24_seed_5965.png	5965	runif(1, -1, 20) * (y_i^4 + (4 * y_i * (x_i^3)) + (4 * x_i * (y_i^3)) + (6 * (x_i^2) * (y_i^2)) + x_i^4)	runif(1, -1, 2) * x_i^2 - sin(y_i^2)
2020-12-11-21-24_seed_4882.png	4882	runif(1, -1, 2) * x_i^2 - sin(y_i^2)	runif(1, -1, 20) * (y_i^4 + (4 * y_i * (x_i^3)) + (4 * x_i * (y_i^3)) + (6 * (x_i^2) * (y_i^2)) + x_i^4)
2020-12-11-21-24_seed_4628.png	4628	runif(1, -1, 2) * x_i^2 - sin(y_i^2)	runif(1, -1, 20) * (y_i^4 + (4 * y_i * (x_i^3)) + (4 * x_i * (y_i^3)) + (6 * (x_i^2) * (y_i^2)) + x_i^4)
2020-12-11-21-25_seed_3200.png	3200	runif(1, -1, 2) * x_i^2 - sin(y_i^2)	runif(1, -1, 20) * (y_i^4 + (4 * y_i * (x_i^3)) + (4 * x_i * (y_i^3)) + (6 * (x_i^2) * (y_i^2)) + x_i^4)
2020-12-11-21-25_seed_5660.png	5660	runif(1, -1, 2) * x_i^2 - sin(y_i^2)	runif(1, -1, 20) * (y_i^4 + (4 * y_i * (x_i^3)) + (4 * x_i * (y_i^3)) + (6 * (x_i^2) * (y_i^2)) + x_i^4)
2020-12-11-21-28_seed_784.png	784	runif(1, -1, 2) * x_i^2 - sin(y_i^2)	runif(1, -1, 2) * (y_i^4 + (4 * y_i * (x_i^3)) + (4 * x_i * (y_i^3)) + (6 * (x_i^2) * (y_i^2)) + x_i^4)
2020-12-11-21-28_seed_8463.png	8463	runif(1, -1, 2) * x_i^2 - sin(y_i^2)	runif(1, -1, 2) * (y_i^4 + (4 * y_i * (x_i^3)) + (4 * x_i * (y_i^3)) + (6 * (x_i^2) * (y_i^2)) + x_i^4)
2020-12-11-21-29_seed_3939.png	3939	runif(1, -1, 2) * x_i^2 - sin(y_i^2)	runif(1, -1, 2) * (y_i^4 + (4 * y_i * (x_i^3)) + (4 * x_i * (y_i^3)) + (6 * (x_i^2) * (y_i^2)) + x_i^4)
2020-12-11-21-29_seed_8971.png	8971	runif(1, -1, 2) * x_i^2 - sin(y_i^2)	runif(1, -1, 2) * (y_i^4 + (4 * y_i * (x_i^3)) + (4 * x_i * (y_i^3)) + (6 * (x_i^2) * (y_i^2)) + x_i^4)
2020-12-11-22-02_seed_3118.png	3118	runif(1, -1, 20) * (y_i^3 + 3 * y_i * (x_i^2) + (3 * x_i * (y_i^2)) + x_i^3)	runif(1, -1, 2) * (y_i^4 + (4 * y_i * (x_i^3)) + (4 * x_i * (y_i^3)) + (6 * (x_i^2) * (y_i^2)) + x_i^4)
2020-12-11-22-02_seed_6854.png	6854	runif(1, -1, 20) * (y_i^3 + 3 * y_i * (x_i^2) + (3 * x_i * (y_i^2)) + x_i^3)	runif(1, -1, 2) * (y_i^4 + (4 * y_i * (x_i^3)) + (4 * x_i * (y_i^3)) + (6 * (x_i^2) * (y_i^2)) + x_i^4)
2020-12-11-22-02_seed_4854.png	4854	runif(1, -1, 20) * (y_i^3 + 3 * y_i * (x_i^2) + (3 * x_i * (y_i^2)) + x_i^3)	runif(1, -1, 2) * (y_i^4 + (4 * y_i * (x_i^3)) + (4 * x_i * (y_i^3)) + (6 * (x_i^2) * (y_i^2)) + x_i^4)
2020-12-11-22-02_seed_2070.png	2070	runif(1, -1, 20) * (y_i^3 + 3 * y_i * (x_i^2) + (3 * x_i * (y_i^2)) + x_i^3)	runif(1, -1, 2) * (y_i^4 + (4 * y_i * (x_i^3)) + (4 * x_i * (y_i^3)) + (6 * (x_i^2) * (y_i^2)) + x_i^4)
2020-12-11-22-55_seed_769.png	769	runif(1, -1, 2) * x_i^2 - sin(y_i^2)	runif(1, -1, 2) * y_i^3 - cos(x_i^2) * y_i^4
2020-12-11-23-14_seed_6152.png	6152	runif(1, -1, 2) * x_i^2 - sin(y_i^2)	runif(1, -1, 2) * y_i^3 - cos(x_i^2) * y_i^4
2020-12-12-13-27_seed_8659.png	8659	runif(1, -1, 2) * ((((1 + sqrt(5))/2)^x_i)/(sqrt(5)))	runif(1, -1, 2) * ((((1 + sqrt(5))/2)^y_i)/(sqrt(5)))
2020-12-12-13-27_seed_1539.png	1539	runif(1, -1, 2) * ((((1 + sqrt(5))/2)^x_i)/(sqrt(5)))	runif(1, -1, 2) * ((((1 + sqrt(5))/2)^x_i)/(sqrt(5)))
2020-12-12-13-28_seed_3150.png	3150	runif(1, -1, 2) * ((((1 + sqrt(5))/2)^x_i)/(sqrt(5)))	runif(1, -1, 2) * ((((1 + sqrt(5))/2)^y_i)/(sqrt(5)))
2020-12-12-13-28_seed_1167.png	1167	runif(1, -1, 2) * ((((1 + sqrt(5))/2)^x_i)/(sqrt(5)))	runif(1, -1, 2) * ((((1 + sqrt(5))/2)^y_i)/(sqrt(5)))
2020-12-12-13-28_seed_8626.png	8626	runif(1, -1, 2) * ((((1 + sqrt(5))/2)^x_i)/(sqrt(5)))	runif(1, -1, 2) * ((((1 + sqrt(5))/2)^y_i)/(sqrt(5)))
2020-12-12-13-29_seed_5482.png	5482	runif(1, -1, 2) * ((((1 + sqrt(5))/2)^y_i)/(sqrt(5)))	runif(1, -1, 2) * ((((1 + sqrt(5))/2)^x_i)/(sqrt(5)))
2020-12-12-13-29_seed_3633.png	3633	runif(1, -1, 2) * ((((1 + sqrt(5))/2)^y_i)/(sqrt(5)))	runif(1, -1, 2) * ((((1 + sqrt(5))/2)^x_i)/(sqrt(5)))
2020-12-12-13-29_seed_1847.png	1847	runif(1, -1, 2) * ((((1 + sqrt(5))/2)^y_i)/(sqrt(5)))	runif(1, -1, 2) * ((((1 + sqrt(5))/2)^x_i)/(sqrt(5)))
2020-12-12-13-30_seed_4222.png	4222	runif(1, -1, 2) * ((((1 + sqrt(5))/2)^x_i)/(sqrt(5)))	runif(1, -1, 2) * ((((1 + sqrt(5))/3)^y_i)/(sqrt(5)))
2020-12-12-13-30_seed_4416.png	4416	runif(1, -1, 2) * ((((1 + sqrt(5))/2)^x_i)/(sqrt(5)))	runif(1, -1, 2) * ((((1 + sqrt(5))/3)^y_i)/(sqrt(5)))
2020-12-12-13-30_seed_6226.png	6226	runif(1, -1, 2) * ((((1 + sqrt(5))/2)^x_i)/(sqrt(5)))	runif(1, -1, 2) * ((((1 + sqrt(5))/3)^y_i)/(sqrt(5)))
2020-12-12-13-31_seed_3000.png	3000	runif(1, -1, 2) * ((((1 + sqrt(5))/2)^x_i)/(sqrt(5)))	runif(1, -1, 2) * ((((1 + sqrt(5))/3)^y_i)/(sqrt(5)))
2020-12-12-13-31_seed_4563.png	4563	runif(1, -1, 2) * ((((1 + sqrt(5))/2)^x_i)/(sqrt(5)))	runif(1, -1, 2) * ((((1 + sqrt(5))/3)^y_i)/(sqrt(5)))
2020-12-12-13-31_seed_4407.png	4407	runif(1, -1, 2) * ((((1 + sqrt(5))/2)^x_i)/(sqrt(5)))	runif(1, -1, 2) * ((((1 + sqrt(5))/3)^y_i)/(sqrt(5)))
2020-12-12-13-31_seed_1009.png	1009	runif(1, -1, 2) * ((((1 + sqrt(5))/2)^x_i)/(sqrt(5)))	runif(1, -1, 2) * ((((1 + sqrt(5))/2)^y_i)/(sqrt(5)))
2020-12-12-13-31_seed_701.png	701	runif(1, -1, 2) * ((((1 + sqrt(5))/2)^x_i)/(sqrt(5)))	runif(1, -1, 2) * ((((1 + sqrt(5))/2)^y_i)/(sqrt(5)))
2020-12-12-13-32_seed_6523.png	6523	runif(1, -1, 2) * ((((1 + sqrt(5))/2)^x_i)/(sqrt(5)))	runif(1, -1, 2) * ((((1 + sqrt(5))/2)^y_i)/(sqrt(5)))
2020-12-12-13-33_seed_7121.png	7121	runif(1, -1, 2) * ((((1 + sqrt(5))/2)^x_i)/(sqrt(5)))	runif(1, -1, 2) * ((((1 + sqrt(5))/2)^x_i)/(sqrt(5)))
2020-12-12-13-34_seed_6536.png	6536	runif(1, -1, 2) * ((((1 + sqrt(5))/2)^x_i)/(sqrt(5)))	runif(1, -1, 2) * ((((1 + sqrt(5))/2)^x_i)/(sqrt(5)))
2020-12-12-13-34_seed_5935.png	5935	runif(1, -1, 2) * ((((1 + sqrt(5))/2)^x_i)/(sqrt(5)))	runif(1, -1, 2) * ((((1 + sqrt(5))/2)^x_i)/(sqrt(5)))
2020-12-12-13-34_seed_7750.png	7750	runif(1, -1, 2) * ((((1 + sqrt(5))/2)^y_i)/(sqrt(5)))	runif(1, -1, 2) * ((((1 + sqrt(5))/2)^x_i)/(sqrt(5)))
2020-12-12-13-34_seed_3217.png	3217	runif(1, -1, 2) * ((((1 + sqrt(5))/2)^y_i)/(sqrt(5)))	runif(1, -1, 2) * ((((1 + sqrt(5))/2)^x_i)/(sqrt(5)))
2020-12-12-13-34_seed_2981.png	2981	runif(1, -1, 2) * ((((1 + sqrt(5))/2)^y_i)/(sqrt(5)))	runif(1, -1, 2) * ((((1 + sqrt(5))/2)^x_i)/(sqrt(5)))
2020-12-12-13-36_seed_9980.png	9980	runif(1, -1, 2) * ((((1 + sqrt(5))/2)^y_i)/sin(sqrt(5)))	runif(1, -1, 2) * ((((1 + sqrt(5))/2)^x_i)/(sqrt(5)))
2020-12-12-13-36_seed_3513.png	3513	runif(1, -1, 2) * ((((1 + sqrt(5))/2)^y_i)/sin(sqrt(5)))	runif(1, -1, 2) * ((((1 + sqrt(5))/2)^x_i)/(sqrt(5)))
2020-12-12-13-36_seed_5612.png	5612	runif(1, -1, 2) * ((((1 + sqrt(5))/2)^y_i)/sin(sqrt(5)))	runif(1, -1, 2) * ((((1 + sqrt(5))/2)^x_i)/(sqrt(5)))
2020-12-12-13-38_seed_3425.png	3425	runif(1, -1, 2) * ((((1 + sqrt(5))/2)^y_i)/(sqrt(5))) + sin(x_i^9)	runif(1, -1, 2) * ((((1 + sqrt(5))/2)^x_i)/(sqrt(5)))
2020-12-12-13-38_seed_1237.png	1237	runif(1, -1, 2) * ((((1 + sqrt(5))/2)^y_i)/(sqrt(5))) + sin(x_i^9)	runif(1, -1, 2) * ((((1 + sqrt(5))/2)^x_i)/(sqrt(5)))
2020-12-12-13-38_seed_5482.png	5482	runif(1, -1, 2) * ((((1 + sqrt(5))/2)^y_i)/(sqrt(5))) + sin(x_i^9)	runif(1, -1, 2) * ((((1 + sqrt(5))/2)^x_i)/(sqrt(5)))
2020-12-12-13-39_seed_5710.png	5710	runif(1, -1, 2) * ((((1 + sqrt(5))/2)^y_i)/(sqrt(5))) + sin(x_i^9)	runif(1, -1, 2) * ((((1 + sqrt(5))/2)^x_i)/(sqrt(5))) - cos(y_i^6)
2020-12-12-13-39_seed_6675.png	6675	runif(1, -1, 2) * ((((1 + sqrt(5))/2)^y_i)/(sqrt(5))) + sin(x_i^9)	runif(1, -1, 2) * ((((1 + sqrt(5))/2)^x_i)/(sqrt(5))) - cos(y_i^6)
2020-12-12-13-39_seed_4129.png	4129	runif(1, -1, 2) * ((((1 + sqrt(5))/2)^y_i)/(sqrt(5))) + sin(x_i^9)	runif(1, -1, 2) * ((((1 + sqrt(5))/2)^x_i)/(sqrt(5))) - cos(y_i^6)
2020-12-12-13-40_seed_9016.png	9016	runif(1, -1, 2) * ((((1 + sqrt(5))/2)^y_i)/(sqrt(5))) + sin(x_i^9)	runif(1, -1, 2) * ((((1 + sqrt(5))/2)^x_i)/(sqrt(5))) - cos(y_i^6) * cos(x_i^9)
2020-12-12-13-40_seed_5521.png	5521	runif(1, -1, 2) * ((((1 + sqrt(5))/2)^y_i)/(sqrt(5))) + sin(x_i^9)	runif(1, -1, 2) * ((((1 + sqrt(5))/2)^x_i)/(sqrt(5))) - cos(y_i^6) * cos(x_i^9)
2020-12-12-13-40_seed_5312.png	5312	runif(1, -1, 2) * ((((1 + sqrt(5))/2)^y_i)/(sqrt(5))) + sin(x_i^9)	runif(1, -1, 2) * ((((1 + sqrt(5))/2)^x_i)/(sqrt(5))) - cos(y_i^6) * cos(x_i^9)
2020-12-12-13-41_seed_6390.png	6390	runif(1, -1, 2) * ((((1 + sqrt(5))/2)^y_i)/(sqrt(5))) + sin(x_i^6)	runif(1, -1, 2) * ((((1 + sqrt(5))/2)^x_i)/(sqrt(5))) - sin(y_i^9)/cos(x_i^9)
2020-12-12-13-41_seed_8341.png	8341	runif(1, -1, 2) * ((((1 + sqrt(5))/2)^y_i)/(sqrt(5))) + sin(x_i^6)	runif(1, -1, 2) * ((((1 + sqrt(5))/2)^x_i)/(sqrt(5))) - sin(y_i^9)/cos(x_i^9)
2020-12-12-13-42_seed_1644.png	1644	runif(1, -1, 2) * ((((1 + sqrt(5))/2)^y_i)/(sqrt(5))) + sin(x_i^6)	runif(1, -1, 2) * ((((1 + sqrt(5))/2)^x_i)/(sqrt(5))) - sin(y_i^9)/cos(x_i^9)
2020-12-12-13-43_seed_5645.png	5645	runif(1, -1, 2) * ((((1 + sqrt(5))/2)^x_i)/(sqrt(5))) - sin(y_i^9)	runif(1, -1, 2) * ((((1 + sqrt(5))/2)^y_i)/(sqrt(5))) + sin(x_i^6)
2020-12-12-13-43_seed_2368.png	2368	runif(1, -1, 2) * ((((1 + sqrt(5))/2)^x_i)/(sqrt(5))) - sin(y_i^9)	runif(1, -1, 2) * ((((1 + sqrt(5))/2)^y_i)/(sqrt(5))) + sin(x_i^6)
2020-12-12-13-43_seed_1076.png	1076	runif(1, -1, 2) * ((((1 + sqrt(5))/2)^x_i)/(sqrt(5))) - sin(y_i^9)	runif(1, -1, 2) * ((((1 + sqrt(5))/2)^y_i)/(sqrt(5))) + sin(x_i^6)
2020-12-12-13-44_seed_9005.png	9005	runif(1, -1, 2) * ((((1 + sqrt(5))/2)^x_i)/(sqrt(5))) - sin(y_i^9)	runif(1, -1, 2) * ((((1 + sqrt(7))/2)^y_i)/(sqrt(5))) + sin(x_i^6)
2020-12-12-13-44_seed_4970.png	4970	runif(1, -1, 2) * ((((1 + sqrt(5))/2)^x_i)/(sqrt(5))) - sin(y_i^9)	runif(1, -1, 2) * ((((1 + sqrt(7))/2)^y_i)/(sqrt(5))) + sin(x_i^6)
2020-12-12-13-44_seed_9082.png	9082	runif(1, -1, 2) * ((((1 + sqrt(5))/2)^x_i)/(sqrt(5))) - sin(y_i^9)	runif(1, -1, 2) * ((((1 + sqrt(7))/2)^y_i)/(sqrt(5))) + sin(x_i^6)
2020-12-12-13-45_seed_5456.png	5456	runif(1, -1, 2) * ((((1 + sqrt(9))/9)^x_i)/(sqrt(9))) - sin(y_i^9)	runif(1, -1, 2) * ((((1 + sqrt(9))/9)^y_i)/(sqrt(9))) + sin(x_i^9)
2020-12-12-13-45_seed_7014.png	7014	runif(1, -1, 2) * ((((1 + sqrt(9))/9)^x_i)/(sqrt(9))) - sin(y_i^9)	runif(1, -1, 2) * ((((1 + sqrt(9))/9)^y_i)/(sqrt(9))) + sin(x_i^9)
2020-12-12-13-46_seed_4811.png	4811	runif(1, -1, 2) * ((((1 + sqrt(9))/9)^x_i)/(sqrt(9))) - sin(y_i^9)	runif(1, -1, 2) * ((((1 + sqrt(9))/9)^y_i)/(sqrt(9))) + sin(x_i^9)
2020-12-12-13-47_seed_2033.png	2033	runif(1, -1, 2) * ((((1 + sqrt(9))/9)^x_i)/(sqrt(9))) - sin(y_i^9)	runif(1, -1, 2) * ((((1 + sqrt(9))/9)^y_i)/(sqrt(9))) + cos(x_i^9) * y_i^4
2020-12-12-13-47_seed_1680.png	1680	runif(1, -1, 2) * ((((1 + sqrt(9))/9)^x_i)/(sqrt(9))) - sin(y_i^9)	runif(1, -1, 2) * ((((1 + sqrt(9))/9)^y_i)/(sqrt(9))) + cos(x_i^9) * y_i^4
2020-12-12-13-47_seed_6422.png	6422	runif(1, -1, 2) * ((((1 + sqrt(9))/9)^x_i)/(sqrt(9))) - sin(y_i^9)	runif(1, -1, 2) * ((((1 + sqrt(9))/9)^y_i)/(sqrt(9))) + cos(x_i^9) * y_i^4
2020-12-12-13-48_seed_9359.png	9359	runif(1, -1, 2) * ((((1 + sqrt(9))/9)^x_i)/(sqrt(9))) - sin(y_i^9)	runif(1, -1, 2) * ((((1 + sqrt(9))/9)^y_i)/(sqrt(9))) + cos(x_i^9) * y_i^9
2020-12-12-13-48_seed_9024.png	9024	runif(1, -1, 2) * ((((1 + sqrt(9))/9)^x_i)/(sqrt(9))) - sin(y_i^9)	runif(1, -1, 2) * ((((1 + sqrt(9))/9)^y_i)/(sqrt(9))) + cos(x_i^9) * y_i^9
2020-12-12-13-48_seed_8125.png	8125	runif(1, -1, 2) * ((((1 + sqrt(9))/9)^x_i)/(sqrt(9))) - sin(y_i^9)	runif(1, -1, 2) * ((((1 + sqrt(9))/9)^y_i)/(sqrt(9))) + cos(x_i^9) * y_i^9
2020-12-12-13-49_seed_1154.png	1154	runif(1, -1, 2) * ((((1 + sqrt(5))/2)^x_i)/(sqrt(5))) - sin(x_i^6) * x_i^9	runif(1, -1, 2) * ((((1 + sqrt(5))/2)^y_i)/(sqrt(5))) + cos(y_i^6) * y_i^9
2020-12-12-13-49_seed_8771.png	8771	runif(1, -1, 2) * ((((1 + sqrt(5))/2)^x_i)/(sqrt(5))) - sin(x_i^6) * x_i^9	runif(1, -1, 2) * ((((1 + sqrt(5))/2)^y_i)/(sqrt(5))) + cos(y_i^6) * y_i^9
2020-12-12-13-50_seed_1926.png	1926	runif(1, -1, 2) * ((((1 + sqrt(5))/2)^x_i)/(sqrt(5))) - sin(x_i^6) * x_i^9	runif(1, -1, 2) * ((((1 + sqrt(5))/2)^y_i)/(sqrt(5))) + cos(y_i^6) * y_i^9
2020-12-12-13-50_seed_3688.png	3688	runif(1, -1, 2) * ((((1 + sqrt(5))/2)^x_i)/(sqrt(5))) - sin(y_i^6) * x_i^9	runif(1, -1, 2) * ((((1 + sqrt(5))/2)^y_i)/(sqrt(5))) + cos(x_i^6) * y_i^9
2020-12-12-13-50_seed_7622.png	7622	runif(1, -1, 2) * ((((1 + sqrt(5))/2)^x_i)/(sqrt(5))) - sin(y_i^6) * x_i^9	runif(1, -1, 2) * ((((1 + sqrt(5))/2)^y_i)/(sqrt(5))) + cos(x_i^6) * y_i^9
2020-12-12-13-50_seed_3639.png	3639	runif(1, -1, 2) * ((((1 + sqrt(5))/2)^x_i)/(sqrt(5))) - sin(y_i^6) * x_i^9	runif(1, -1, 2) * ((((1 + sqrt(5))/2)^y_i)/(sqrt(5))) + cos(x_i^6) * y_i^9
2020-12-12-13-52_seed_1178.png	1178	runif(1, -1, 2) * ((((1 + sqrt(5))/2)^x_i)/(sqrt(5))) - cos(y_i^6) * x_i^9	runif(1, -1, 2) * ((((1 + sqrt(5))/2)^y_i)/(sqrt(5))) + sin(x_i^6) * y_i^9
2020-12-12-13-52_seed_9118.png	9118	runif(1, -1, 2) * ((((1 + sqrt(5))/2)^x_i)/(sqrt(5))) - cos(y_i^6) * x_i^9	runif(1, -1, 2) * ((((1 + sqrt(5))/2)^y_i)/(sqrt(5))) + sin(x_i^6) * y_i^9
2020-12-12-13-52_seed_5233.png	5233	runif(1, -1, 2) * ((((1 + sqrt(5))/2)^x_i)/(sqrt(5))) - cos(y_i^6) * x_i^9	runif(1, -1, 2) * ((((1 + sqrt(5))/2)^y_i)/(sqrt(5))) + sin(x_i^6) * y_i^9
2020-12-12-13-52_seed_2750.png	2750	runif(1, -1, 2) * ((((1 + sqrt(5))/2)^x_i)/(sqrt(5))) - cos(y_i^6) * y_i^9	runif(1, -1, 2) * ((((1 + sqrt(5))/2)^y_i)/(sqrt(5))) + sin(x_i^6) * y_i^9
2020-12-12-13-52_seed_5793.png	5793	runif(1, -1, 2) * ((((1 + sqrt(5))/2)^x_i)/(sqrt(5))) - cos(y_i^6) * y_i^9	runif(1, -1, 2) * ((((1 + sqrt(5))/2)^y_i)/(sqrt(5))) + sin(x_i^6) * y_i^9
2020-12-12-13-53_seed_8317.png	8317	runif(1, -1, 2) * ((((1 + sqrt(5))/2)^x_i)/(sqrt(5))) - cos(y_i^6) * y_i^9	runif(1, -1, 2) * ((((1 + sqrt(5))/2)^y_i)/(sqrt(5))) + sin(x_i^6) * y_i^9
2020-12-12-13-54_seed_1935.png	1935	runif(1, -1, 2) * ((((1 + sqrt(5))/2)^y_i)/(sqrt(5))) - cos(y_i^6) * y_i^9	runif(1, -1, 2) * ((((1 + sqrt(5))/2)^x_i)/(sqrt(5))) + sin(x_i^6) * y_i^9
2020-12-12-13-54_seed_7529.png	7529	runif(1, -1, 2) * ((((1 + sqrt(5))/2)^y_i)/(sqrt(5))) - cos(y_i^6) * y_i^9	runif(1, -1, 2) * ((((1 + sqrt(5))/2)^x_i)/(sqrt(5))) + sin(x_i^6) * y_i^9
2020-12-12-13-54_seed_8511.png	8511	runif(1, -1, 2) * ((((1 + sqrt(5))/2)^y_i)/(sqrt(5))) - cos(y_i^6) * y_i^9	runif(1, -1, 2) * ((((1 + sqrt(5))/2)^x_i)/(sqrt(5))) + sin(x_i^6) * y_i^9
2020-12-12-13-56_seed_5033.png	5033	runif(1, -1, 2) * ((((1 + sqrt(5))/2)^y_i)/(sqrt(5))) - cos(y_i^6) * y_i^9	runif(1, -1, 2) * ((((1 + sqrt(5))/2)^sin(x_i))/(sqrt(5))) + sin(x_i^6) * y_i^9
2020-12-12-13-56_seed_826.png	826	runif(1, -1, 2) * ((((1 + sqrt(5))/2)^y_i)/(sqrt(5))) - cos(y_i^6) * y_i^9	runif(1, -1, 2) * ((((1 + sqrt(5))/2)^sin(x_i))/(sqrt(5))) + sin(x_i^6) * y_i^9
2020-12-12-13-56_seed_5566.png	5566	runif(1, -1, 2) * ((((1 + sqrt(5))/2)^y_i)/(sqrt(5))) - cos(y_i^6) * y_i^9	runif(1, -1, 2) * ((((1 + sqrt(5))/2)^sin(x_i))/(sqrt(5))) + sin(x_i^6) * y_i^9
2020-12-12-13-57_seed_9035.png	9035	runif(1, -1, 2) * ((((1 + sqrt(5))/2)^y_i)/(sqrt(5))) - cos(y_i^6) * y_i^9	runif(1, -1, 2) * ((((1 + sqrt(5))/2)^x_i)/(sqrt(5))) + sin(x_i^9) * y_i^6
2020-12-12-13-57_seed_9351.png	9351	runif(1, -1, 2) * ((((1 + sqrt(5))/2)^y_i)/(sqrt(5))) - cos(y_i^6) * y_i^9	runif(1, -1, 2) * ((((1 + sqrt(5))/2)^x_i)/(sqrt(5))) + sin(x_i^9) * y_i^6
2020-12-12-13-57_seed_421.png	421	runif(1, -1, 2) * ((((1 + sqrt(5))/2)^y_i)/(sqrt(5))) - cos(y_i^6) * y_i^9	runif(1, -1, 2) * ((((1 + sqrt(5))/2)^x_i)/(sqrt(5))) + sin(x_i^9) * y_i^6
2020-12-12-13-57_seed_4242.png	4242	runif(1, -1, 2) * ((((1 + sqrt(5))/2)^x_i)/(sqrt(5))) + sin(x_i^9) * y_i^6	runif(1, -1, 2) * ((((1 + sqrt(5))/2)^y_i)/(sqrt(5))) - cos(y_i^6) * y_i^9
2020-12-12-13-58_seed_6238.png	6238	runif(1, -1, 2) * ((((1 + sqrt(5))/2)^x_i)/(sqrt(5))) + sin(x_i^9) * y_i^6	runif(1, -1, 2) * ((((1 + sqrt(5))/2)^y_i)/(sqrt(5))) - cos(y_i^6) * y_i^9
2020-12-12-13-58_seed_9856.png	9856	runif(1, -1, 2) * ((((1 + sqrt(5))/2)^x_i)/(sqrt(5))) + sin(x_i^9) * y_i^6	runif(1, -1, 2) * ((((1 + sqrt(5))/2)^y_i)/(sqrt(5))) - cos(y_i^6) * y_i^9
2020-12-12-13-59_seed_5889.png	5889	runif(1, -1, 2) * ((((1 + sqrt(5))/2)^x_i)/(sqrt(5))) + sin(x_i^9)	runif(1, -1, 2) * ((((1 + sqrt(5))/2)^y_i)/(sqrt(5))) - cos(y_i^6) * y_i^9
2020-12-12-13-59_seed_405.png	405	runif(1, -1, 2) * ((((1 + sqrt(5))/2)^x_i)/(sqrt(5))) + sin(x_i^9)	runif(1, -1, 2) * ((((1 + sqrt(5))/2)^y_i)/(sqrt(5))) - cos(y_i^6) * y_i^9
2020-12-12-13-59_seed_1321.png	1321	runif(1, -1, 2) * ((((1 + sqrt(5))/2)^x_i)/(sqrt(5))) + sin(x_i^9)	runif(1, -1, 2) * ((((1 + sqrt(5))/2)^y_i)/(sqrt(5))) - cos(y_i^6) * y_i^9
2020-12-12-14-00_seed_224.png	224	runif(1, -1, 2) * ((((1 + sqrt(5))/2)^y_i)/(sqrt(5))) - cos(y_i^6) * y_i^9	runif(1, -1, 2) * ((((1 + sqrt(5))/2)^x_i)/(sqrt(5))) + sin(x_i^9)
2020-12-12-14-00_seed_8036.png	8036	runif(1, -1, 2) * ((((1 + sqrt(5))/2)^y_i)/(sqrt(5))) - cos(y_i^6) * y_i^9	runif(1, -1, 2) * ((((1 + sqrt(5))/2)^x_i)/(sqrt(5))) + sin(x_i^9)
2020-12-12-14-00_seed_408.png	408	runif(1, -1, 2) * ((((1 + sqrt(5))/2)^y_i)/(sqrt(5))) - cos(y_i^6) * y_i^9	runif(1, -1, 2) * ((((1 + sqrt(5))/2)^x_i)/(sqrt(5))) + sin(x_i^9)
2020-12-12-14-00_seed_7737.png	7737	runif(1, -1, 2) * ((((1 + sqrt(5))/2)^y_i)/(sqrt(5))) - cos(y_i^6) * y_i^6	runif(1, -1, 2) * ((((1 + sqrt(5))/2)^x_i)/(sqrt(5))) + sin(x_i^6)
2020-12-12-14-01_seed_8143.png	8143	runif(1, -1, 2) * ((((1 + sqrt(5))/2)^y_i)/(sqrt(5))) - cos(y_i^6) * y_i^6	runif(1, -1, 2) * ((((1 + sqrt(5))/2)^x_i)/(sqrt(5))) + sin(x_i^6)
2020-12-12-14-01_seed_1783.png	1783	runif(1, -1, 2) * ((((1 + sqrt(5))/2)^y_i)/(sqrt(5))) - cos(y_i^6) * y_i^6	runif(1, -1, 2) * ((((1 + sqrt(5))/2)^x_i)/(sqrt(5))) + sin(x_i^6)
2020-12-12-14-02_seed_2052.png	2052	runif(1, -1, 2) * ((((1 + sqrt(5))/2)^y_i)/(sqrt(5))) - cos(x_i^4)	runif(1, -1, 2) * ((((1 + sqrt(5))/2)^x_i)/(sqrt(5))) + sin(y_i^5)
2020-12-12-14-02_seed_7046.png	7046	runif(1, -1, 2) * ((((1 + sqrt(5))/2)^y_i)/(sqrt(5))) - cos(x_i^4)	runif(1, -1, 2) * ((((1 + sqrt(5))/2)^x_i)/(sqrt(5))) + sin(y_i^5)
2020-12-12-14-02_seed_6459.png	6459	runif(1, -1, 2) * ((((1 + sqrt(5))/2)^y_i)/(sqrt(5))) - cos(x_i^4)	runif(1, -1, 2) * ((((1 + sqrt(5))/2)^x_i)/(sqrt(5))) + sin(y_i^5)
2020-12-12-14-04_seed_4351.png	4351	runif(1, -1, 2) * ((((1 + sqrt(5))/2)^y_i)/(sqrt(5))) - cos(x_i^4)	runif(1, -1, 2) * ((((1 + sqrt(5))/2)^x_i)/(sqrt(5))) + cos(y_i^5)/sqrt(x_i)
2020-12-12-14-04_seed_7144.png	7144	runif(1, -1, 2) * ((((1 + sqrt(5))/2)^y_i)/(sqrt(5))) - cos(x_i^4)	runif(1, -1, 2) * ((((1 + sqrt(5))/2)^x_i)/(sqrt(5))) + cos(y_i^5)/sqrt(x_i)
2020-12-12-14-04_seed_150.png	150	runif(1, -1, 2) * ((((1 + sqrt(5))/2)^y_i)/(sqrt(5))) - cos(x_i^4)	runif(1, -1, 2) * ((((1 + sqrt(5))/2)^x_i)/(sqrt(5))) + cos(y_i^5)/sqrt(x_i)
2020-12-12-14-05_seed_6289.png	6289	runif(1, -1, 2) * ((((1 + sqrt(5))/2)^y_i)/(sqrt(5))) - cos(x_i^4)	runif(1, -1, 2) * ((((1 + sqrt(5))/2)^x_i)/(sqrt(5))) + cos(y_i^5)/sqrt(x_i^99)
2020-12-12-14-05_seed_8468.png	8468	runif(1, -1, 2) * ((((1 + sqrt(5))/2)^y_i)/(sqrt(5))) - cos(x_i^4)	runif(1, -1, 2) * ((((1 + sqrt(5))/2)^x_i)/(sqrt(5))) + cos(y_i^5)/sqrt(x_i^99)
2020-12-12-14-05_seed_8303.png	8303	runif(1, -1, 2) * ((((1 + sqrt(5))/2)^y_i)/(sqrt(5))) - cos(x_i^4)	runif(1, -1, 2) * ((((1 + sqrt(5))/2)^x_i)/(sqrt(5))) + cos(y_i^5)/sqrt(x_i^99)
2020-12-12-14-06_seed_2006.png	2006	runif(1, -1, 2) * ((((1 + sqrt(5))/2)^y_i)/(sqrt(5))) - cos(x_i^4)	runif(1, -1, 2) * ((((1 + sqrt(5))/2)^x_i)/(sqrt(5))) + cos(y_i^3)/sqrt(y_i^3)
2020-12-12-14-06_seed_9252.png	9252	runif(1, -1, 2) * ((((1 + sqrt(5))/2)^y_i)/(sqrt(5))) - cos(x_i^4)	runif(1, -1, 2) * ((((1 + sqrt(5))/2)^x_i)/(sqrt(5))) + cos(y_i^3)/sqrt(y_i^3)
2020-12-12-14-06_seed_4681.png	4681	runif(1, -1, 2) * ((((1 + sqrt(5))/2)^y_i)/(sqrt(5))) - cos(x_i^4)	runif(1, -1, 2) * ((((1 + sqrt(5))/2)^x_i)/(sqrt(5))) + cos(y_i^3)/sqrt(y_i^3)
2020-12-12-14-07_seed_996.png	996	runif(1, -1, 2) * ((((1 + sqrt(5))/2)^y_i)/(sqrt(5))) - cos(x_i^4)	runif(1, -1, 2) * ((((1 + sqrt(5))/2)^x_i)/(sqrt(5))) + cos(sqrt(y_i^3))
2020-12-12-14-07_seed_1368.png	1368	runif(1, -1, 2) * ((((1 + sqrt(5))/2)^y_i)/(sqrt(5))) - cos(x_i^4)	runif(1, -1, 2) * ((((1 + sqrt(5))/2)^x_i)/(sqrt(5))) + cos(sqrt(y_i^3))
2020-12-12-14-07_seed_9748.png	9748	runif(1, -1, 2) * ((((1 + sqrt(5))/2)^y_i)/(sqrt(5))) - cos(x_i^4)	runif(1, -1, 2) * ((((1 + sqrt(5))/2)^x_i)/(sqrt(5))) + cos(sqrt(y_i^3))
2020-12-12-14-07_seed_576.png	576	runif(1, -1, 2) * ((((1 + sqrt(5))/2)^y_i)/(sqrt(5))) - cos(x_i^4)	runif(1, -1, 2) * ((((1 + sqrt(5))/2)^x_i)/(sqrt(5))) + cos(sqrt(y_i^3))
2020-12-12-14-07_seed_5206.png	5206	runif(1, -1, 2) * ((((1 + sqrt(5))/2)^y_i)/(sqrt(5))) - cos(x_i^4)	runif(1, -1, 2) * ((((1 + sqrt(5))/2)^x_i)/(sqrt(5))) + cos(sqrt(y_i^3))
2020-12-12-14-08_seed_3792.png	3792	runif(1, -1, 2) * ((((1 + sqrt(5))/2)^y_i)/(sqrt(5))) - cos(x_i^4)	runif(1, -1, 2) * ((((1 + sqrt(5))/2)^x_i)/(sqrt(5))) + cos(sqrt(y_i^3))
2020-12-12-14-08_seed_5763.png	5763	runif(1, -1, 2) * ((((1 + sqrt(5))/2)^y_i)/(sqrt(5))) - sin(x_i^4)	runif(1, -1, 2) * ((((1 + sqrt(5))/2)^x_i)/(sqrt(5))) + cos(sqrt(y_i^3))
2020-12-12-14-08_seed_6130.png	6130	runif(1, -1, 2) * ((((1 + sqrt(5))/2)^y_i)/(sqrt(5))) - sin(x_i^4)	runif(1, -1, 2) * ((((1 + sqrt(5))/2)^x_i)/(sqrt(5))) + cos(sqrt(y_i^3))
2020-12-12-14-08_seed_2302.png	2302	runif(1, -1, 2) * ((((1 + sqrt(5))/2)^y_i)/(sqrt(5))) - sin(x_i^4)	runif(1, -1, 2) * ((((1 + sqrt(5))/2)^x_i)/(sqrt(5))) + cos(sqrt(y_i^3))
2020-12-12-14-09_seed_9420.png	9420	runif(1, -1, 2) * ((((1 + sqrt(5))/2)^y_i)/(sqrt(5))) - sin(x_i^4)	runif(1, -1, 2) * ((((1 + sqrt(5))/2)^x_i)/(sqrt(5))) + sin(sqrt(y_i^3))
2020-12-12-14-09_seed_2982.png	2982	runif(1, -1, 2) * ((((1 + sqrt(5))/2)^y_i)/(sqrt(5))) - sin(x_i^4)	runif(1, -1, 2) * ((((1 + sqrt(5))/2)^x_i)/(sqrt(5))) + sin(sqrt(y_i^3))
2020-12-12-14-09_seed_3789.png	3789	runif(1, -1, 2) * ((((1 + sqrt(5))/2)^y_i)/(sqrt(5))) - sin(x_i^4)	runif(1, -1, 2) * ((((1 + sqrt(5))/2)^x_i)/(sqrt(5))) + sin(sqrt(y_i^3))
2020-12-12-14-10_seed_3171.png	3171	runif(1, -1, 2) * ((((1 + sqrt(5))/2)^y_i)/(sqrt(5))) - sin(x_i^3)	runif(1, -1, 2) * ((((1 + sqrt(5))/2)^x_i)/(sqrt(5))) + sin(sqrt(x_i^3))
2020-12-12-14-10_seed_8156.png	8156	runif(1, -1, 2) * ((((1 + sqrt(5))/2)^y_i)/(sqrt(5))) - sin(x_i^3)	runif(1, -1, 2) * ((((1 + sqrt(5))/2)^x_i)/(sqrt(5))) + sin(sqrt(x_i^3))
2020-12-12-14-10_seed_8921.png	8921	runif(1, -1, 2) * ((((1 + sqrt(5))/2)^y_i)/(sqrt(5))) - sin(x_i^3)	runif(1, -1, 2) * ((((1 + sqrt(5))/2)^x_i)/(sqrt(5))) + sin(sqrt(x_i^3))
2020-12-12-14-10_seed_9427.png	9427	runif(1, -1, 2) * ((((1 + sqrt(5))/2)^y_i)/(sqrt(5))) - sin(x_i^3)	runif(1, -1, 2) * ((((1 + sqrt(5))/2)^x_i)/(sqrt(5))) + sin(sqrt(x_i^3))
2020-12-12-14-10_seed_8971.png	8971	runif(1, -1, 2) * ((((1 + sqrt(5))/2)^y_i)/(sqrt(5))) - sin(x_i^3)	runif(1, -1, 2) * ((((1 + sqrt(5))/2)^x_i)/(sqrt(5))) + sin(sqrt(x_i^3))
2020-12-12-14-11_seed_2983.png	2983	runif(1, -1, 2) * ((((1 + sqrt(5))/2)^y_i)/(sqrt(5))) - sin(x_i^3)	runif(1, -1, 2) * ((((1 + sqrt(5))/2)^x_i)/(sqrt(5))) + sin(sqrt(x_i^3))
2020-12-12-14-11_seed_5261.png	5261	runif(1, -1, 2) * ((((1 + sqrt(5))/2)^y_i)/(sqrt(5))) - sin(x_i^3)	runif(1, -1, 2) * ((((1 + sqrt(5))/2)^x_i)/(sqrt(5))) + sin(sqrt(x_i^3))
2020-12-12-14-11_seed_4121.png	4121	runif(1, -1, 2) * ((((1 + sqrt(5))/2)^y_i)/(sqrt(5))) - sin(x_i^3)	runif(1, -1, 2) * ((((1 + sqrt(5))/2)^x_i)/(sqrt(5))) + sin(sqrt(x_i^3))
2020-12-12-14-13_seed_2112.png	2112	runif(1, -1, 2) * ((((1 + sqrt(5))/2)^y_i)/(sqrt(5))) - cos(x_i^5)	runif(1, -1, 2) * ((((1 + sqrt(5))/2)^x_i)/(sqrt(5))) + sin(sqrt(x_i^3))
2020-12-12-14-13_seed_7416.png	7416	runif(1, -1, 2) * ((((1 + sqrt(5))/2)^y_i)/(sqrt(5))) - cos(x_i^5)	runif(1, -1, 2) * ((((1 + sqrt(5))/2)^x_i)/(sqrt(5))) + sin(sqrt(x_i^3))
2020-12-12-14-13_seed_5395.png	5395	runif(1, -1, 2) * ((((1 + sqrt(5))/2)^y_i)/(sqrt(5))) - cos(x_i^5)	runif(1, -1, 2) * ((((1 + sqrt(5))/2)^x_i)/(sqrt(5))) + sin(sqrt(x_i^3))
2020-12-12-14-13_seed_9279.png	9279	runif(1, -1, 2) * ((((1 + sqrt(5))/2)^y_i)/(sqrt(5))) - cos(x_i^5)	runif(1, -1, 2) * ((((1 + sqrt(5))/2)^x_i)/(sqrt(5))) + sin(sqrt(x_i^3))
2020-12-12-14-13_seed_8274.png	8274	runif(1, -1, 2) * ((((1 + sqrt(5))/2)^y_i)/(sqrt(5))) - cos(x_i^5)	runif(1, -1, 2) * ((((1 + sqrt(5))/2)^x_i)/(sqrt(5))) + sin(sqrt(x_i^3))
2020-12-12-14-15_seed_7118.png	7118	runif(1, -1, 2) * ((((1 + sqrt(5))/2)^y_i)/(sqrt(5))) - cos(y_i^7)	runif(1, -1, 2) * ((((1 + sqrt(5))/2)^x_i)/(sqrt(5))) + cos(sqrt(y_i^7))
2020-12-12-14-15_seed_2751.png	2751	runif(1, -1, 2) * ((((1 + sqrt(5))/2)^y_i)/(sqrt(5))) - cos(y_i^7)	runif(1, -1, 2) * ((((1 + sqrt(5))/2)^x_i)/(sqrt(5))) + cos(sqrt(y_i^7))
2020-12-12-14-15_seed_5992.png	5992	runif(1, -1, 2) * ((((1 + sqrt(5))/2)^y_i)/(sqrt(5))) - cos(y_i^7)	runif(1, -1, 2) * ((((1 + sqrt(5))/2)^x_i)/(sqrt(5))) + cos(sqrt(y_i^7))
2020-12-12-14-15_seed_297.png	297	runif(1, -1, 2) * ((((1 + sqrt(5))/2)^y_i)/(sqrt(5))) - cos(y_i^7)	runif(1, -1, 2) * ((((1 + sqrt(5))/2)^x_i)/(sqrt(5))) + cos(sqrt(y_i^7))
2020-12-12-14-15_seed_8002.png	8002	runif(1, -1, 2) * ((((1 + sqrt(5))/2)^y_i)/(sqrt(5))) - cos(y_i^7)	runif(1, -1, 2) * ((((1 + sqrt(5))/2)^x_i)/(sqrt(5))) + cos(sqrt(y_i^7))
2020-12-12-14-16_seed_7413.png	7413	runif(1, -1, 2) * ((((1 + sqrt(5))/2)^y_i)/(sqrt(5))) - sin(y_i^7)	runif(1, -1, 2) * ((((1 + sqrt(5))/2)^x_i)/(sqrt(5))) + sin(sqrt(y_i^7))
2020-12-12-14-16_seed_8908.png	8908	runif(1, -1, 2) * ((((1 + sqrt(5))/2)^y_i)/(sqrt(5))) - sin(y_i^7)	runif(1, -1, 2) * ((((1 + sqrt(5))/2)^x_i)/(sqrt(5))) + sin(sqrt(y_i^7))
2020-12-12-14-16_seed_7498.png	7498	runif(1, -1, 2) * ((((1 + sqrt(5))/2)^y_i)/(sqrt(5))) - sin(y_i^7)	runif(1, -1, 2) * ((((1 + sqrt(5))/2)^x_i)/(sqrt(5))) + sin(sqrt(y_i^7))
2020-12-12-14-16_seed_1080.png	1080	runif(1, -1, 2) * ((((1 + sqrt(5))/2)^y_i)/(sqrt(5))) - sin(y_i^7)	runif(1, -1, 2) * ((((1 + sqrt(5))/2)^x_i)/(sqrt(5))) + sin(sqrt(y_i^7))
2020-12-12-14-16_seed_2385.png	2385	runif(1, -1, 2) * ((((1 + sqrt(5))/2)^y_i)/(sqrt(5))) - sin(y_i^7)	runif(1, -1, 2) * ((((1 + sqrt(5))/2)^x_i)/(sqrt(5))) + sin(sqrt(y_i^7))
2020-12-12-14-17_seed_1136.png	1136	runif(1, -1, 2) * ((((1 + sqrt(5))/2)^y_i)/(sqrt(5))) - cos(sqrt(y_i^3))	runif(1, -1, 2) * ((((1 + sqrt(5))/2)^x_i)/(sqrt(5))) + sin(sqrt(x_i^3))
2020-12-12-14-17_seed_6230.png	6230	runif(1, -1, 2) * ((((1 + sqrt(5))/2)^y_i)/(sqrt(5))) - cos(sqrt(y_i^3))	runif(1, -1, 2) * ((((1 + sqrt(5))/2)^x_i)/(sqrt(5))) + sin(sqrt(x_i^3))
2020-12-12-14-17_seed_2121.png	2121	runif(1, -1, 2) * ((((1 + sqrt(5))/2)^y_i)/(sqrt(5))) - cos(sqrt(y_i^3))	runif(1, -1, 2) * ((((1 + sqrt(5))/2)^x_i)/(sqrt(5))) + sin(sqrt(x_i^3))
2020-12-12-14-17_seed_1408.png	1408	runif(1, -1, 2) * ((((1 + sqrt(5))/2)^y_i)/(sqrt(5))) - cos(sqrt(y_i^3))	runif(1, -1, 2) * ((((1 + sqrt(5))/2)^x_i)/(sqrt(5))) + sin(sqrt(x_i^3))
2020-12-12-14-17_seed_2391.png	2391	runif(1, -1, 2) * ((((1 + sqrt(5))/2)^y_i)/(sqrt(5))) - cos(sqrt(y_i^3))	runif(1, -1, 2) * ((((1 + sqrt(5))/2)^x_i)/(sqrt(5))) + sin(sqrt(x_i^3))
2020-12-12-14-19_seed_8339.png	8339	runif(1, -1, 2) * ((((1 + sqrt(5))/2)^y_i)/(sqrt(5))) - cos(sqrt(y_i^3))	runif(1, -1, 2) * ((((1 + sqrt(5))/2)^x_i)/(sqrt(5))) + cos(sqrt(x_i^3)) * y_i^3
2020-12-12-14-19_seed_6448.png	6448	runif(1, -1, 2) * ((((1 + sqrt(5))/2)^y_i)/(sqrt(5))) - cos(sqrt(y_i^3))	runif(1, -1, 2) * ((((1 + sqrt(5))/2)^x_i)/(sqrt(5))) + cos(sqrt(x_i^3)) * y_i^3
2020-12-12-14-19_seed_9445.png	9445	runif(1, -1, 2) * ((((1 + sqrt(5))/2)^y_i)/(sqrt(5))) - cos(sqrt(y_i^3))	runif(1, -1, 2) * ((((1 + sqrt(5))/2)^x_i)/(sqrt(5))) + cos(sqrt(x_i^3)) * y_i^3
2020-12-12-14-19_seed_1040.png	1040	runif(1, -1, 2) * ((((1 + sqrt(5))/2)^y_i)/(sqrt(5))) - cos(sqrt(y_i^3))	runif(1, -1, 2) * ((((1 + sqrt(5))/2)^x_i)/(sqrt(5))) + cos(sqrt(x_i^3)) * y_i^3
2020-12-12-14-19_seed_6325.png	6325	runif(1, -1, 2) * ((((1 + sqrt(5))/2)^y_i)/(sqrt(5))) - cos(sqrt(y_i^3))	runif(1, -1, 2) * ((((1 + sqrt(5))/2)^x_i)/(sqrt(5))) + cos(sqrt(x_i^3)) * y_i^3
2020-12-12-14-20_seed_4028.png	4028	runif(1, -1, 2) * ((((1 + sqrt(5))/2)^y_i)/(sqrt(5))) - sin(sqrt(y_i^3))	runif(1, -1, 2) * ((((1 + sqrt(5))/2)^x_i)/(sqrt(5))) + sin(sqrt(x_i^3)) * y_i^3
2020-12-12-14-21_seed_3775.png	3775	runif(1, -1, 2) * ((((1 + sqrt(5))/2)^y_i)/(sqrt(5))) - sin(sqrt(y_i^3))	runif(1, -1, 2) * ((((1 + sqrt(5))/2)^x_i)/(sqrt(5))) + sin(sqrt(x_i^3)) * y_i^3
2020-12-12-14-21_seed_7880.png	7880	runif(1, -1, 2) * ((((1 + sqrt(5))/2)^y_i)/(sqrt(5))) - sin(sqrt(y_i^3))	runif(1, -1, 2) * ((((1 + sqrt(5))/2)^x_i)/(sqrt(5))) + sin(sqrt(x_i^3)) * y_i^3
2020-12-12-14-21_seed_6474.png	6474	runif(1, -1, 2) * ((((1 + sqrt(5))/2)^y_i)/(sqrt(5))) - sin(sqrt(y_i^3))	runif(1, -1, 2) * ((((1 + sqrt(5))/2)^x_i)/(sqrt(5))) + sin(sqrt(x_i^3)) * y_i^3
2020-12-12-14-21_seed_2625.png	2625	runif(1, -1, 2) * ((((1 + sqrt(5))/2)^y_i)/(sqrt(5))) - sin(sqrt(y_i^3))	runif(1, -1, 2) * ((((1 + sqrt(5))/2)^x_i)/(sqrt(5))) + sin(sqrt(x_i^3)) * y_i^3
2020-12-12-14-21_seed_2266.png	2266	runif(1, -1, 2) * ((((1 + sqrt(5))/2)^y_i)/(sqrt(5))) - sin(sqrt(x_i^3))	runif(1, -1, 2) * ((((1 + sqrt(5))/2)^x_i)/(sqrt(5))) + sin(sqrt(y_i^3)) * y_i^3
2020-12-12-14-21_seed_6468.png	6468	runif(1, -1, 2) * ((((1 + sqrt(5))/2)^y_i)/(sqrt(5))) - sin(sqrt(x_i^3))	runif(1, -1, 2) * ((((1 + sqrt(5))/2)^x_i)/(sqrt(5))) + sin(sqrt(y_i^3)) * y_i^3
2020-12-12-14-22_seed_3480.png	3480	runif(1, -1, 2) * ((((1 + sqrt(5))/2)^y_i)/(sqrt(5))) - sin(sqrt(x_i^3))	runif(1, -1, 2) * ((((1 + sqrt(5))/2)^x_i)/(sqrt(5))) + sin(sqrt(y_i^3)) * y_i^3
2020-12-12-14-22_seed_8512.png	8512	runif(1, -1, 2) * ((((1 + sqrt(5))/2)^y_i)/(sqrt(5))) - sin(sqrt(x_i^3))	runif(1, -1, 2) * ((((1 + sqrt(5))/2)^x_i)/(sqrt(5))) + sin(sqrt(y_i^3)) * y_i^3
2020-12-12-14-22_seed_8936.png	8936	runif(1, -1, 2) * ((((1 + sqrt(5))/2)^y_i)/(sqrt(5))) - sin(sqrt(x_i^3))	runif(1, -1, 2) * ((((1 + sqrt(5))/2)^x_i)/(sqrt(5))) + sin(sqrt(y_i^3)) * y_i^3
2020-12-12-14-23_seed_1837.png	1837	runif(1, -1, 2) * ((((1 + sqrt(5))/2)^y_i)/(sqrt(5))) - cos(sqrt(x_i^3))	runif(1, -1, 2) * ((((1 + sqrt(5))/2)^x_i)/(sqrt(5))) + cos(sqrt(y_i^3)) * y_i^3
2020-12-12-14-24_seed_5165.png	5165	runif(1, -1, 2) * ((((1 + sqrt(5))/2)^y_i)/(sqrt(5))) - cos(sqrt(x_i^3))	runif(1, -1, 2) * ((((1 + sqrt(5))/2)^x_i)/(sqrt(5))) + cos(sqrt(y_i^3)) * y_i^3
2020-12-12-14-24_seed_9855.png	9855	runif(1, -1, 2) * ((((1 + sqrt(5))/2)^y_i)/(sqrt(5))) - cos(sqrt(x_i^3))	runif(1, -1, 2) * ((((1 + sqrt(5))/2)^x_i)/(sqrt(5))) + cos(sqrt(y_i^3)) * y_i^3
2020-12-12-14-24_seed_6476.png	6476	runif(1, -1, 2) * ((((1 + sqrt(5))/2)^y_i)/(sqrt(5))) - cos(sqrt(x_i^3))	runif(1, -1, 2) * ((((1 + sqrt(5))/2)^x_i)/(sqrt(5))) + cos(sqrt(y_i^3)) * y_i^3
2020-12-12-14-24_seed_6563.png	6563	runif(1, -1, 2) * ((((1 + sqrt(5))/2)^y_i)/(sqrt(5))) - cos(sqrt(x_i^3))	runif(1, -1, 2) * ((((1 + sqrt(5))/2)^x_i)/(sqrt(5))) + cos(sqrt(y_i^3)) * y_i^3
2020-12-12-14-25_seed_9087.png	9087	runif(1, -1, 2) * ((((1 + sqrt(5))/2)^y_i)/(sqrt(5))) - sin(sqrt(x_i^3))	runif(1, -1, 2) * ((((1 + sqrt(5))/2)^x_i)/(sqrt(5))) + cos(sqrt(y_i^3)) * y_i^3
2020-12-12-14-25_seed_930.png	930	runif(1, -1, 2) * ((((1 + sqrt(5))/2)^y_i)/(sqrt(5))) - sin(sqrt(x_i^3))	runif(1, -1, 2) * ((((1 + sqrt(5))/2)^x_i)/(sqrt(5))) + cos(sqrt(y_i^3)) * y_i^3
2020-12-12-14-25_seed_6408.png	6408	runif(1, -1, 2) * ((((1 + sqrt(5))/2)^y_i)/(sqrt(5))) - sin(sqrt(x_i^3))	runif(1, -1, 2) * ((((1 + sqrt(5))/2)^x_i)/(sqrt(5))) + cos(sqrt(y_i^3)) * y_i^3
2020-12-12-14-26_seed_1269.png	1269	runif(1, -1, 2) * ((((1 + sqrt(5))/2)^y_i)/(sqrt(5))) - sin(sqrt(x_i^3))	runif(1, -1, 2) * ((((1 + sqrt(5))/2)^x_i)/(sqrt(5))) + cos(sqrt(y_i^3)) * y_i^3
2020-12-12-14-26_seed_3251.png	3251	runif(1, -1, 2) * ((((1 + sqrt(5))/2)^y_i)/(sqrt(5))) - sin(sqrt(x_i^3))	runif(1, -1, 2) * ((((1 + sqrt(5))/2)^x_i)/(sqrt(5))) + cos(sqrt(y_i^3)) * y_i^3
2020-12-12-14-27_seed_8848.png	8848	runif(1, -1, 2) * ((((1 + sqrt(5))/2)^y_i)/(sqrt(5))) - sin(sqrt(y_i^5))	runif(1, -1, 2) * ((((1 + sqrt(5))/2)^x_i)/(sqrt(5))) + sin(sqrt(y_i^5)) * y_i^5
2020-12-12-14-27_seed_1229.png	1229	runif(1, -1, 2) * ((((1 + sqrt(5))/2)^y_i)/(sqrt(5))) - sin(sqrt(y_i^5))	runif(1, -1, 2) * ((((1 + sqrt(5))/2)^x_i)/(sqrt(5))) + sin(sqrt(y_i^5)) * y_i^5
2020-12-12-14-27_seed_754.png	754	runif(1, -1, 2) * ((((1 + sqrt(5))/2)^y_i)/(sqrt(5))) - sin(sqrt(y_i^5))	runif(1, -1, 2) * ((((1 + sqrt(5))/2)^x_i)/(sqrt(5))) + sin(sqrt(y_i^5)) * y_i^5
2020-12-12-14-28_seed_1393.png	1393	runif(1, -1, 2) * ((((1 + sqrt(5))/2)^y_i)/(sqrt(5))) - sin(sqrt(y_i^5))	runif(1, -1, 2) * ((((1 + sqrt(5))/2)^x_i)/(sqrt(5))) + sin(sqrt(y_i^5)) * y_i^5
2020-12-12-14-28_seed_444.png	444	runif(1, -1, 2) * ((((1 + sqrt(5))/2)^y_i)/(sqrt(5))) - sin(sqrt(y_i^5))	runif(1, -1, 2) * ((((1 + sqrt(5))/2)^x_i)/(sqrt(5))) + sin(sqrt(y_i^5)) * y_i^5
2020-12-12-14-28_seed_9155.png	9155	runif(1, -1, 2) * ((((1 + sqrt(5))/2)^y_i)/(sqrt(5))) - sin(sqrt(y_i^3))	runif(1, -1, 2) * ((((1 + sqrt(5))/2)^x_i)/(sqrt(5))) + sin(sqrt(y_i^7)) * y_i^3
2020-12-12-14-29_seed_7569.png	7569	runif(1, -1, 2) * ((((1 + sqrt(5))/2)^y_i)/(sqrt(5))) - sin(sqrt(y_i^3))	runif(1, -1, 2) * ((((1 + sqrt(5))/2)^x_i)/(sqrt(5))) + sin(sqrt(y_i^7)) * y_i^3
2020-12-12-14-29_seed_3203.png	3203	runif(1, -1, 2) * ((((1 + sqrt(5))/2)^y_i)/(sqrt(5))) - sin(sqrt(y_i^3))	runif(1, -1, 2) * ((((1 + sqrt(5))/2)^x_i)/(sqrt(5))) + sin(sqrt(y_i^7)) * y_i^3
2020-12-12-14-29_seed_5034.png	5034	runif(1, -1, 2) * ((((1 + sqrt(5))/2)^y_i)/(sqrt(5))) - sin(sqrt(y_i^3))	runif(1, -1, 2) * ((((1 + sqrt(5))/2)^x_i)/(sqrt(5))) + sin(sqrt(y_i^7)) * y_i^3
2020-12-12-14-29_seed_3896.png	3896	runif(1, -1, 2) * ((((1 + sqrt(5))/2)^y_i)/(sqrt(5))) - sin(sqrt(y_i^3))	runif(1, -1, 2) * ((((1 + sqrt(5))/2)^x_i)/(sqrt(5))) + sin(sqrt(y_i^7)) * y_i^3
2022-02-20-17-06_seed_7781.png	7781	runif(1, -1, 2) * ((((1 + sqrt(5))/2)^y_i)/(sqrt(5))) - sin(sqrt(y_i^3))	runif(1, -1, 2) * ((((1 + sqrt(5))/2)^x_i)/(sqrt(5))) + sin(sqrt(y_i^7)) * y_i^3
2022-02-20-17-06_seed_2747.png	2747	runif(1, -1, 2) * ((((1 + sqrt(5))/2)^y_i)/(sqrt(5))) - sin(sqrt(y_i^3))	runif(1, -1, 2) * ((((1 + sqrt(5))/2)^x_i)/(sqrt(5))) + sin(sqrt(y_i^7)) * y_i^3
2022-02-20-17-06_seed_5046.png	5046	runif(1, -1, 2) * ((((1 + sqrt(5))/2)^y_i)/(sqrt(5))) - sin(sqrt(y_i^3))	runif(1, -1, 2) * ((((1 + sqrt(5))/2)^x_i)/(sqrt(5))) + sin(sqrt(y_i^7)) * y_i^3
2022-02-20-17-06_seed_5842.png	5842	runif(1, -1, 2) * ((((1 + sqrt(5))/2)^y_i)/(sqrt(5))) - sin(sqrt(y_i^3))	runif(1, -1, 2) * ((((1 + sqrt(5))/2)^x_i)/(sqrt(5))) + sin(sqrt(y_i^7)) * y_i^3
2022-02-20-17-06_seed_1985.png	1985	runif(1, -1, 2) * ((((1 + sqrt(5))/2)^y_i)/(sqrt(5))) - sin(sqrt(y_i^3))	runif(1, -1, 2) * ((((1 + sqrt(5))/2)^x_i)/(sqrt(5))) + sin(sqrt(y_i^7)) * y_i^3
2022-02-20-18-12_seed_8259.png	8259	runif(1, -1, 2) * x_i^2 - sin(y_i^2)	runif(1, -1, 2) * y_i^3 - cos(x_i^2) * y_i^4
2022-02-20-18-12_seed_9834.png	9834	runif(1, -1, 2) * x_i^2 - sin(y_i^2)	runif(1, -1, 2) * y_i^3 - cos(x_i^2) * y_i^4
2022-02-20-18-12_seed_3721.png	3721	runif(1, -1, 2) * x_i^2 - sin(y_i^2)	runif(1, -1, 2) * y_i^3 - cos(x_i^2) * y_i^4
2022-02-20-18-12_seed_9429.png	9429	runif(1, -1, 2) * x_i^2 - sin(y_i^2)	runif(1, -1, 2) * y_i^3 - cos(x_i^2) * y_i^4
2022-02-20-18-12_seed_1999.png	1999	runif(1, -1, 2) * x_i^2 - sin(y_i^2)	runif(1, -1, 2) * y_i^3 - cos(x_i^2) * y_i^4
2022-02-20-18-13_seed_8882.png	8882	runif(1, -1, 2) * x_i^2 - sin(y_i^2)	runif(1, -1, 2) * y_i^3 - cos(x_i^2) * y_i^4
2022-02-20-18-13_seed_1430.png	1430	runif(1, -1, 2) * x_i^2 - sin(y_i^2)	runif(1, -1, 2) * y_i^3 - cos(x_i^2) * y_i^4
2022-02-20-18-14_seed_3485.png	3485	runif(1, -1, 2) * x_i^2 - sin(y_i^2)	runif(1, -1, 2) * y_i^3 - cos(x_i^2) * y_i^4
2022-02-20-18-14_seed_6706.png	6706	runif(1, -1, 2) * x_i^2 - sin(y_i^2)	runif(1, -1, 2) * y_i^3 - cos(x_i^2) * y_i^4
2022-02-20-18-14_seed_3911.png	3911	runif(1, -1, 2) * x_i^2 - sin(y_i^2)	runif(1, -1, 2) * y_i^3 - cos(x_i^2) * y_i^4
2022-02-20-18-20_seed_3540.png	3540	runif(1, -1, 2) * x_i^2 - sin(y_i^2)	runif(1, -1, 2) * y_i^3 - cos(x_i^2) * y_i^4
2022-02-20-18-20_seed_1408.png	1408	runif(1, -1, 2) * x_i^2 - sin(y_i^2)	runif(1, -1, 2) * y_i^3 - cos(x_i^2) * y_i^4
2022-02-20-18-20_seed_8346.png	8346	runif(1, -1, 2) * x_i^2 - sin(y_i^2)	runif(1, -1, 2) * y_i^3 - cos(x_i^2) * y_i^4
2022-02-20-18-20_seed_7725.png	7725	runif(1, -1, 2) * x_i^2 - sin(y_i^2)	runif(1, -1, 2) * y_i^3 - cos(x_i^2) * y_i^4
2022-02-20-18-20_seed_1798.png	1798	runif(1, -1, 2) * x_i^2 - sin(y_i^2)	runif(1, -1, 2) * y_i^3 - cos(x_i^2) * y_i^4
2022-02-20-18-25_seed_8064.png	8064	runif(1, -1, 4) * y_i^7 + sin(y_i^6)/cos(x_i^9)	runif(1, -1, 4) * x_i^3 + cos(y_i^2)
2022-02-20-18-35_seed_8758.png	8758	runif(1, -1, -1.1) * y_i^7 + sin(y_i^2)/cos(x_i^9)	runif(1, -1, 4) * x_i^3 + cos(y_i^2)
2022-02-20-18-37_seed_4576.png	4576	runif(1, -1, 3) * y_i^7 + sin(y_i^2)/cos(x_i^9)	runif(1, -1, 3) * x_i^3 + cos(y_i^2)
2022-02-20-18-39_seed_120.png	120	runif(1, -1, 3) * y_i^7 + (sin(y_i^2) + cos(x_i^9))	runif(1, -1, 3) * x_i^3 + cos(y_i^2)
2022-02-20-18-40_seed_6201.png	6201	runif(1, -1, 3) * y_i^7 + (sin(y_i^2) + cos(x_i^9))	runif(1, -1, 3) * x_i^3 + cos(y_i^7)
2022-02-20-18-41_seed_8223.png	8223	runif(1, 1, 3) * y_i^7 + (sin(y_i^2) * cos(x_i^2))	runif(1, 1, 3) * x_i^2 + cos(y_i^2)
2022-02-20-18-45_seed_5929.png	5929	runif(1, 1, 3) * y_i^7 + (sin(y_i^2) * cos(x_i^2))	runif(1, 1, 3) * x_i^2 + cos(y_i^2)
2022-02-20-18-48_seed_9408.png	9408	runif(1, 1, 3) * y_i^7 + (sin(y_i^2) * cos(x_i^2))	runif(1, 1, 3) * x_i^2 + cos(y_i^2)
2022-02-20-18-50_seed_9154.png	9154	runif(1, 1, 3) * y_i^7 + (sin(y_i^2) * cos(x_i^2))	runif(1, 1, 3) * x_i^2 + cos(y_i^2)
2022-02-20-18-51_seed_5091.png	5091	runif(1, -1, 1) * ((((1 + sqrt(5))/2)^x_i)/(sqrt(5))) - sin(y_i^6) * x_i^9	runif(1, -1, 1) * ((((1 + sqrt(5))/2)^y_i)/(sqrt(5))) + cos(x_i^6) * y_i^9
2022-02-20-18-55_seed_6067.png	6067	runif(1, -1, 1) * ((((1 + sqrt(5))/2)^x_i)/(sqrt(5))) - sin(y_i^6) * x_i^9 + log10(x_i)	runif(1, -1, 1) * ((((1 + sqrt(5))/2)^y_i)/(sqrt(5))) + cos(x_i^6) * y_i^9
2022-02-20-18-55_seed_9977.png	9977	runif(1, -1, 3) * ((((1 + sqrt(5))/2)^x_i)/(sqrt(5))) - sin(y_i^6) * x_i^9 + log10(x_i)	runif(1, -1, 3) * ((((1 + sqrt(5))/2)^y_i)/(sqrt(5))) + cos(x_i^6) * y_i^9
2022-02-20-18-56_seed_6812.png	6812	runif(1, 1, 3) * ((((1 + sqrt(5))/2)^x_i)/(sqrt(5))) - sin(y_i^6) * x_i^9 + log10(x_i)	runif(1, 1, 3) * ((((1 + sqrt(5))/2)^y_i)/(sqrt(5))) + cos(x_i^6) * y_i^9
2022-02-20-18-58_seed_388.png	388	runif(1, 1, 3) * ((((1 + sqrt(5))/2)^x_i)/(sqrt(5))) - sin(y_i^6) * x_i^9	runif(1, 1, 3) * ((((1 + sqrt(5))/2)^y_i)/(sqrt(5))) + cos(x_i^6) * y_i^9
2022-02-20-19-03_seed_6789.png	6789	runif(1, 1, 3) * (sqrt(2) + 3 * y_i)^2 + sqrt(y_i)	runif(1, 1, 3) * (sqrt(7) + 3 * x_i)^2 + sqrt(x_i)
2022-02-20-19-04_seed_4228.png	4228	runif(1, -1, 1) * (sqrt(2) + 3 * y_i)^2 - sqrt(y_i)	runif(1, -1, 1) * (sqrt(7) + 3 * x_i)^2 + sqrt(x_i)
2022-02-20-19-05_seed_2644.png	2644	runif(1, -1, 1) * (sqrt(2) + 3 * y_i)^3 - sqrt(x_i)	runif(1, -1, 1) * (sqrt(7) + 3 * x_i)^2 + sqrt(y_i)
2022-02-20-19-05_seed_2543.png	2543	runif(1, 1, 1) * (sqrt(2) + 3 * y_i)^3 - sqrt(x_i)	runif(1, 1, 1) * (sqrt(7) + 3 * x_i)^2 + sqrt(y_i)
2022-02-20-19-07_seed_9659.png	9659	runif(1, -1, 2) * x_i^2 - sin(y_i^2)	runif(1, -1, 2) * (sqrt(2) + 3 * y_i)^3 - sqrt(x_i)
2022-02-20-19-08_seed_3488.png	3488	runif(1, -1, 2) * x_i^3 - sin(y_i)	runif(1, -1, 2) * (y_i^3 + 3 * y_i * (x_i^2) + (3 * x_i * (y_i^2)) + x_i^3)
2022-02-20-19-10_seed_7074.png	7074	runif(1, -1, 2) * x_i^3 - sin(y_i)	runif(1, -1, 2) * ((((1 + sqrt(3))/2)^x_i)/(sqrt(2))) - sin(y_i^3) * x_i^3
2022-02-20-19-11_seed_2485.png	2485	runif(1, -1, 2) * x_i^3 - sin(y_i)	runif(1, -1, 2) * ((((1 + sqrt(3))/2)^x_i)/(sqrt(2))) - sin(y_i^3) * x_i^3
2022-02-20-19-20_seed_4765.png	4765	runif(1, -1, 2) * x_i^3 - sin(y_i)	runif(1, -1, 2) * ((((1 + sqrt(3))/2)^x_i)/(sqrt(2))) - sin(y_i^3) * x_i^3
2022-02-20-19-23_seed_3885.png	3885	runif(1, -1, 2) * x_i^3 - sin(y_i)	runif(1, -1, 2) * ((((1 + sqrt(3))/2)^x_i)/(sqrt(2))) - sin(y_i^3) * x_i^3
2022-02-20-19-26_seed_8740.png	8740	runif(1, -1, 2) * x_i^3 - sin(y_i)	runif(1, -1, 2) * ((((-1 + sqrt(3))/2)^x_i)/(sqrt(3))) - cos(y_i^3) * x_i^3
2022-02-20-19-27_seed_3723.png	3723	runif(1, -1, 2) * x_i^3 - cos(y_i)	runif(1, -1, 2) * ((((-1 + sqrt(3))/2)^x_i)/(sqrt(3))) - cos(y_i^3) * x_i^3
2022-02-20-19-28_seed_9406.png	9406	runif(1, -1, 2) * x_i^3 - cos(y_i)	runif(1, -1, 2) * ((((-1 + sqrt(3))/2)^x_i)/(sqrt(3))) - cos(y_i^3) * x_i^3
2022-02-20-19-29_seed_3055.png	3055	runif(1, -1, 2) * x_i^3 - cos(y_i)	runif(1, -1, 2) * ((((-1 + sqrt(3))/2)^x_i)/(sqrt(3))) - cos(y_i^3) * x_i^3
2022-02-20-19-30_seed_6520.png	6520	runif(1, -1, 2) * x_i^3 - sin(y_i)	runif(1, -1, 2) * ((((-1 + sqrt(3))/2)^x_i)/(sqrt(3))) - cos(y_i^3) * x_i^3
2022-02-20-19-30_seed_220.png	220	runif(1, -1, 2) * x_i^3 - sin(y_i)	runif(1, -1, 2) * ((((-1 + sqrt(3))/2)^x_i)/(sqrt(3))) - cos(y_i^3) * x_i^3
2022-02-20-19-30_seed_6707.png	6707	runif(1, -1, 2) * x_i^3 - sin(y_i)	runif(1, -1, 2) * ((((-1 + sqrt(3))/2)^x_i)/(sqrt(3))) - cos(y_i^3) * x_i^3
2022-02-20-19-33_seed_8470.png	8470	runif(1, -1, 2) * x_i^3 - sin(y_i)	runif(1, -1, 2) + ((((-1 + sqrt(3))/2)^x_i)/(sqrt(3))) - cos(y_i^3) * x_i^3
2022-02-20-19-34_seed_6569.png	6569	runif(1, -1, 2) * x_i^3 - cos(y_i^2)	runif(1, -1, 2) + sqrt(3) - cos(y_i^3) * x_i^3
2022-02-20-19-35_seed_531.png	531	runif(1, -1, 2) * x_i^3 - sin(y_i^2)	runif(1, -1, 2) + sqrt(3) - sin(y_i^3) * x_i^3
2022-02-20-19-36_seed_3760.png	3760	runif(1, -1, 2) * sin(x_i^2)	runif(1, -1, 2) * cos(y_i^3) * x_i^3
2022-02-20-19-37_seed_5116.png	5116	runif(1, -1, 2) * sin(x_i^2) * sqrt(y_i)	runif(1, -1, 2) * cos(y_i^3) * x_i^3
2022-02-20-19-39_seed_118.png	118	runif(1, -1, 2) * sin(x_i^2) * y_i^2	runif(1, -1, 2) * cos(y_i^3) * x_i^3
2022-02-20-19-40_seed_4363.png	4363	runif(1, -1, 2) * cos(y_i^3) * x_i^3	runif(1, -1, 2) * sin(x_i^2) * y_i^2
2022-02-20-19-40_seed_7650.png	7650	runif(1, -1, 2) * cos(y_i^3) * x_i^3	runif(1, -1, 2) * sin(x_i^2) * y_i^2
2022-02-20-19-40_seed_255.png	255	runif(1, -1, 2) * cos(y_i^3) * x_i^3	runif(1, -1, 2) * sin(x_i^2) * y_i^2
2022-02-20-19-40_seed_2710.png	2710	runif(1, -1, 2) * cos(y_i^3) * x_i^3	runif(1, -1, 2) * sin(x_i^2) * y_i^2
2022-02-20-19-41_seed_773.png	773	runif(1, -1, 2) * cos(y_i^3) * x_i^3	runif(1, -1, 2) * sin(x_i^2) * y_i^2
2022-02-20-19-41_seed_6206.png	6206	runif(1, -1, 2) * cos(y_i^3) * x_i^3	runif(1, -1, 2) * sin(x_i^2) * y_i^2
2022-02-20-19-43_seed_4714.png	4714	runif(1, -1, 2) * cos(x_i^2) * x_i^3	runif(1, -1, 2) * sin(y_i^2) * y_i^3
2022-02-20-19-44_seed_280.png	280	runif(1, -1, 2) * cos(x_i^2) * x_i^3	runif(1, -1, 2) * sin(x_i^2) * y_i^3
2022-02-20-19-44_seed_2067.png	2067	runif(1, -1, 2) * cos(x_i^2) * x_i^3	runif(1, -1, 2) * sin(x_i^2) * y_i^3
2022-02-20-19-44_seed_9745.png	9745	runif(1, -1, 2) * cos(x_i^2) * x_i^3	runif(1, -1, 2) * sin(x_i^2) * y_i^3
2022-02-20-19-45_seed_4958.png	4958	runif(1, -1, 2) + cos(x_i^2) * x_i^5	runif(1, -1, 2) * sin(x_i^2) * y_i^2
2022-02-20-19-45_seed_2088.png	2088	runif(1, -1, 2) + cos(x_i^2) * x_i^5	runif(1, -1, 2) * sin(x_i^2) * y_i^2
2022-02-20-19-46_seed_7725.png	7725	runif(1, -1, 2) + cos(x_i^3) * x_i^5	runif(1, -1, 2) * sin(x_i^5) + y_i^3
2022-02-20-19-46_seed_1010.png	1010	runif(1, -1, 2) + cos(x_i^3) * x_i^5	runif(1, -1, 2) * sin(x_i^5) + y_i^3
2022-02-20-19-47_seed_4708.png	4708	runif(1, -1, 2) + cos(x_i^3) * y_i^5	runif(1, -1, 2) * sin(y_i^5) + x_i^3
2022-02-20-19-48_seed_8946.png	8946	runif(1, -1, 2) + cos(x_i^3) * y_i^5	runif(1, -1, 2) * sin(y_i^5) + x_i^3
2022-02-20-19-48_seed_4768.png	4768	runif(1, -1, 2) + cos(x_i^3) * y_i^7	runif(1, -1, 2) * sin(y_i^7) + x_i^3
2022-02-20-19-48_seed_237.png	237	runif(1, -1, 2) + cos(x_i^3) * y_i^7	runif(1, -1, 2) * sin(y_i^7) + x_i^3
2022-02-20-19-50_seed_5099.png	5099	runif(1, -1, 2) + cos(x_i^3) * y_i^7	runif(1, -1, 2) * sin(y_i^7) + cos(x_i^3)
2022-02-20-19-50_seed_2730.png	2730	runif(1, -1, 2) + cos(x_i^3) * y_i^7	runif(1, -1, 2) * sin(y_i^7) + cos(x_i^3)
2022-02-20-19-51_seed_1782.png	1782	runif(1, -1, 2) + sin(x_i^3) * y_i^7	runif(1, -1, 2) * sin(y_i^7) + cos(x_i^3)
2022-02-20-19-51_seed_7437.png	7437	runif(1, -1, 2) + sin(x_i^3) * y_i^7	runif(1, -1, 2) * sin(y_i^7) + cos(x_i^3)
2022-02-20-19-51_seed_8924.png	8924	runif(1, -1, 2) + sin(x_i^3) * y_i^7	runif(1, -1, 2) * sin(y_i^7) + cos(x_i^3)
2022-02-20-19-52_seed_6616.png	6616	runif(1, -1, 2) + sin(x_i^3) * y_i^7	runif(1, -1, 2) * sin(y_i^7) + cos(x_i^3)
2022-02-20-19-52_seed_1603.png	1603	runif(1, -1, 2) + cos(x_i^3) * y_i^7	runif(1, -1, 2) * cos(y_i^7) + sin(x_i^3)
2022-02-20-19-53_seed_44.png	44	runif(1, -1, 2) + cos(x_i^3) * y_i^7	runif(1, -1, 2) * cos(y_i^7) + sin(x_i^3)
2022-02-20-19-54_seed_499.png	499	runif(1, -1, 2) - sin(x_i^2) * y_i^9	runif(1, -1, 2) * sin(y_i^3) - cos(x_i^5)
2022-02-20-19-54_seed_5025.png	5025	runif(1, -1, 2) - sin(x_i^2) * y_i^9	runif(1, -1, 2) * sin(y_i^3) - cos(x_i^5)
2022-02-20-19-55_seed_7604.png	7604	runif(1, -1, 2) * sin(x_i^3) + y_i^2	runif(1, -1, 2)/sin(y_i^3) - cos(x_i^5)
2022-02-20-19-56_seed_268.png	268	runif(1, -1, 2) * sin(x_i^3) + y_i^2	runif(1, -1, 2)/sin(y_i^3) - cos(x_i^5)
2022-02-20-19-56_seed_635.png	635	runif(1, -1, 2) * sin(x_i^3) + y_i^2	runif(1, -1, 2) * sin(y_i^3) - cos(x_i^5)
2022-02-20-19-56_seed_596.png	596	runif(1, -1, 2) * sin(x_i^3) + y_i^2	runif(1, -1, 2) * sin(y_i^3) - cos(x_i^5)
2022-02-20-19-57_seed_5421.png	5421	runif(1, -1, 2) * sin(x_i^3) + y_i^2	runif(1, -1, 2) * sin(y_i^3) - cos(x_i^5)
2022-02-20-19-57_seed_2408.png	2408	runif(1, -1, 2) * sin(x_i^3) + y_i^2	runif(1, -1, 2) * sin(y_i^3) - cos(x_i^5)
2022-02-20-19-57_seed_6816.png	6816	runif(1, -1, 2) * sin(x_i^3) + y_i^2	runif(1, -1, 2) * sin(y_i^3) - cos(x_i^5)
2022-02-20-19-58_seed_3423.png	3423	runif(1, -1, 2) * sin(x_i^3) + y_i^2	runif(1, -1, 2) * sin(y_i^3) - cos(x_i^5)
2022-02-20-19-58_seed_6693.png	6693	runif(1, -1, 2) * sin(x_i^3) + y_i^2	runif(1, -1, 2) * sin(y_i^3) - cos(x_i^5)
2022-02-20-19-58_seed_3352.png	3352	runif(1, -1, 2) * sin(x_i^3) + y_i^2	runif(1, -1, 2) * sin(y_i^3) - cos(x_i^5)
2022-02-20-19-58_seed_9316.png	9316	runif(1, -1, 2) * sin(x_i^3) + y_i^2	runif(1, -1, 2) * sin(y_i^3) - cos(x_i^5)
2022-02-20-19-58_seed_8805.png	8805	runif(1, -1, 2) * sin(x_i^3) + y_i^2	runif(1, -1, 2) * sin(y_i^3) - cos(x_i^5)
2022-02-20-20-01_seed_7586.png	7586	runif(1, -1, 2) * cos(y_i^3) + x_i^2	runif(1, -1, 2) * cos(x_i^3) - sin(y_i^5)
2022-02-20-20-01_seed_4018.png	4018	runif(1, -1, 2) * cos(y_i^3) + x_i^2	runif(1, -1, 2) * cos(x_i^3) - sin(y_i^5)
2022-02-20-20-02_seed_56.png	56	runif(1, -1, 2) * cos(y_i^3) + x_i^2	runif(1, -1, 2) * cos(x_i^3)/sin(y_i^5)
2022-02-20-20-02_seed_1727.png	1727	runif(1, -1, 2) * cos(y_i^3) + x_i^2	runif(1, -1, 2) * cos(x_i^3)/sin(y_i^5)
2022-02-20-20-03_seed_2312.png	2312	runif(1, -1, 2) * cos(y_i^3) + x_i^2	runif(1, -1, 2) * sin(x_i^3)/cos(y_i^5)
2022-02-20-20-03_seed_5607.png	5607	runif(1, -1, 2) * cos(y_i^3) + x_i^2	runif(1, -1, 2) * sin(x_i^3)/cos(y_i^5)
2022-02-20-20-04_seed_9648.png	9648	runif(1, -1, 2) * cos(y_i^3) + x_i^2	runif(1, -1, 2) * sin(x_i)/cos(y_i)
2022-02-20-20-04_seed_7143.png	7143	runif(1, -1, 2) * cos(y_i^3) + x_i^2	runif(1, -1, 2) * sin(x_i)/cos(y_i)
2022-02-20-20-05_seed_6160.png	6160	runif(1, -1, 2) * cos(y_i^3) + x_i^7	runif(1, -1, 2) * sin(y_i)/cos(x_i)
2022-02-20-20-05_seed_4254.png	4254	runif(1, -1, 2) * cos(y_i^3) + x_i^7	runif(1, -1, 2) * sin(y_i)/cos(x_i)
2022-02-20-20-06_seed_8122.png	8122	runif(1, -1, 2) * sin(x_i^3) + y_i^7	runif(1, -1, 2) * sin(y_i)/cos(x_i)
2022-02-20-20-06_seed_9309.png	9309	runif(1, -1, 2) * sin(x_i^3) + y_i^7	runif(1, -1, 2) * sin(y_i)/cos(x_i)
2022-02-20-20-06_seed_8789.png	8789	runif(1, -1, 2) * sin(x_i^3) + y_i^7	runif(1, -1, 2) * sin(y_i) - cos(x_i)
2022-02-20-20-07_seed_8027.png	8027	runif(1, -1, 2) * sin(x_i^3) + y_i^7	runif(1, -1, 2) * sin(y_i) - cos(x_i)
2022-02-20-20-08_seed_1476.png	1476	runif(1, -1, 2) * sin(x_i^3) + y_i^7	runif(1, -1, 2) * sin(y_i) - cos(x_i)
2022-02-20-20-08_seed_4838.png	4838	runif(1, -1, 2) * sin(x_i^3) + y_i^7	runif(1, -1, 2) * sin(y_i) - cos(x_i)
2022-02-20-20-10_seed_5033.png	5033	runif(1, -1, 2) * sin(x_i^(3/2)) + y_i^7	runif(1, -1, 2) * y_i^(7/2)
2022-02-20-20-10_seed_9401.png	9401	runif(1, -1, 2) * sin(x_i^(3/2)) + y_i^7	runif(1, -1, 2) * y_i^(7/2)
2022-02-20-20-11_seed_4095.png	4095	runif(1, -1, 2) * sin(x_i^(3/2))	runif(1, -1, 2) + y_i^(7/2)
2022-02-20-20-11_seed_8711.png	8711	runif(1, -1, 2) * sin(x_i^(3/2))	runif(1, -1, 2) + y_i^(7/2)
2022-02-20-20-12_seed_1160.png	1160	runif(1, -1, 2) * sin(x_i^(3/2))	runif(1, -1, 2) + sin(y_i^(7/2))
2022-02-20-20-12_seed_3415.png	3415	runif(1, -1, 2) * sin(x_i^(3/2))	runif(1, -1, 2) + sin(y_i^(7/2))
2022-02-20-20-13_seed_4183.png	4183	runif(1, -1, 4) * sin(x_i^(3/2))	runif(1, -1, 4) * x_i^3 + cos(y_i^2)
2022-02-20-20-13_seed_9089.png	9089	runif(1, -1, 4) * sin(x_i^(3/2))	runif(1, -1, 4) * x_i^3 + cos(y_i^2)
2022-02-20-20-14_seed_8813.png	8813	runif(1, -1, 4) * sin(x_i^(3/2))	runif(1, -1, 4) * cos(y_i^2)
2022-02-20-20-14_seed_953.png	953	runif(1, -1, 4) * sin(x_i^(3/2))	runif(1, -1, 4) * cos(y_i^2)
2022-02-20-20-15_seed_1176.png	1176	runif(1, -1, 2) * y_i^3 - cos(x_i^2) * y_i^4	runif(1, -1, 2) * x_i^2 - sin(y_i^2)
2022-02-20-20-16_seed_5547.png	5547	runif(1, -1, 2) * y_i^3 - cos(x_i^2) * y_i^4	runif(1, -1, 2) * x_i^2 - sin(y_i^2)
2022-02-20-20-17_seed_9818.png	9818	runif(1, -1, 2) * x_i^3 - cos(y_i^2) * y_i^4	runif(1, -1, 2) * y_i^2 - sin(x_i^2)
2022-02-20-20-17_seed_6800.png	6800	runif(1, -1, 2) * x_i^3 - cos(y_i^2) * y_i^4	runif(1, -1, 2) * y_i^2 - sin(x_i^2)
2022-02-20-20-18_seed_612.png	612	runif(1, -1, 2) * x_i^3 - cos(x_i^2) * y_i^4	runif(1, -1, 2) * y_i^2 - sin(x_i^2)
2022-02-20-20-18_seed_6786.png	6786	runif(1, -1, 2) * x_i^3 - cos(x_i^2) * y_i^4	runif(1, -1, 2) * y_i^2 - sin(x_i^2)
2022-02-20-20-18_seed_9479.png	9479	runif(1, -1, 2) * x_i^3 - cos(x_i^2) * y_i^4	runif(1, -1, 2) * y_i^2 - sin(x_i^3)
2022-02-20-20-19_seed_9579.png	9579	runif(1, -1, 2) * x_i^3 - cos(x_i^2) * y_i^4	runif(1, -1, 2) * y_i^2 - sin(x_i^3)
2022-02-20-20-20_seed_2751.png	2751	runif(1, -1, 2) * x_i^3 - cos(x_i^2) * y_i^4	runif(1, -1, 2) * y_i^2 - cospi(x_i^3)
2022-02-20-20-20_seed_6649.png	6649	runif(1, -1, 2) * x_i^3 - cos(x_i^2) * y_i^4	runif(1, -1, 2) * y_i^2 - cospi(x_i^3)
2022-02-20-20-21_seed_585.png	585	runif(1, -1, 2) * x_i^3 - sinpi(x_i^2) * y_i^4	runif(1, -1, 2) * y_i^2 - cospi(x_i^3)
2022-02-20-20-21_seed_6435.png	6435	runif(1, -1, 2) * x_i^3 - sinpi(x_i^2) * y_i^4	runif(1, -1, 2) * y_i^2 - cospi(x_i^3)
2022-02-20-20-22_seed_216.png	216	runif(1, -1, 2) * x_i^3 - sinpi(x_i^2) * y_i^4	runif(1, -1, 2) * y_i^2 - sinpi(x_i^3)
2022-02-20-20-22_seed_6194.png	6194	runif(1, -1, 2) * x_i^3 - sinpi(x_i^2) * y_i^4	runif(1, -1, 2) * y_i^2 - sinpi(x_i^3)
2022-02-20-20-23_seed_2689.png	2689	runif(1, -1, 2) * x_i^3 - sinpi(x_i^2) * y_i^3	runif(1, -1, 2) * y_i^2 - sqrt(x_i^3)
2022-02-20-20-23_seed_9444.png	9444	runif(1, -1, 2) * x_i^3 - sinpi(x_i^2) * y_i^3	runif(1, -1, 2) * y_i^2 - sqrt(x_i^3)
2022-02-20-20-23_seed_3010.png	3010	runif(1, -1, 2) * x_i^3 - sinpi(x_i^2) * y_i^3	runif(1, -1, 2) * y_i^2 - sqrt(x_i^3)
2022-02-20-20-23_seed_7733.png	7733	runif(1, -1, 2) * x_i^3 - sinpi(x_i^2) * y_i^3	runif(1, -1, 2) * y_i^2 - sqrt(x_i^3)
2022-02-20-20-24_seed_1455.png	1455	runif(1, -1, 2) * x_i^3 - sinpi(x_i^2) * y_i^3	runif(1, -1, 2) * y_i^2 * sqrt(x_i^3)
2022-02-20-20-24_seed_921.png	921	runif(1, -1, 2) * x_i^3 - sinpi(x_i^2) * y_i^3	runif(1, -1, 2) * y_i^2 * sqrt(x_i^3)
2022-02-20-20-25_seed_746.png	746	runif(1, -1, 2) * x_i^3 - sqrt(x_i^2) * y_i^3	runif(1, -1, 2) * y_i^2 * sqrt(x_i^3)
2022-02-20-20-25_seed_5422.png	5422	runif(1, -1, 2) * x_i^3 - sqrt(x_i^2) * y_i^3	runif(1, -1, 2) * y_i^2 * sqrt(x_i^3)
2022-02-20-20-26_seed_9215.png	9215	runif(1, -1, 2) * x_i^3 - sqrt(x_i^2) * y_i^3	runif(1, -1, 2) * y_i^2 * cospi(x_i^4)
2022-02-20-20-27_seed_8366.png	8366	runif(1, -1, 2) * x_i^3 - sqrt(x_i^2) * y_i^3	runif(1, -1, 2) * y_i^2 * cospi(x_i^4)
2022-02-20-20-28_seed_4305.png	4305	runif(1, -1, 2) * x_i^3 - sqrt(x_i^5/7) * y_i^3	runif(1, -1, 2) * y_i^2 * sin(x_i^4)
2022-02-20-20-28_seed_7550.png	7550	runif(1, -1, 2) * x_i^3 - sqrt(x_i^5/7) * y_i^3	runif(1, -1, 2) * y_i^2 * sin(x_i^4)
2022-02-20-20-28_seed_6336.png	6336	runif(1, -1, 2) * x_i^3 - sqrt(x_i^3) * y_i^3	runif(1, -1, 2) * y_i^2 * sin(x_i^4)
2022-02-20-20-29_seed_5889.png	5889	runif(1, -1, 2) * x_i^3 - sqrt(x_i^3) * y_i^3	runif(1, -1, 2) * y_i^2 * sin(x_i^4)
2022-02-20-20-30_seed_3899.png	3899	runif(1, -1, 2) * x_i^3 - sqrt(y_i^3) * y_i^3	runif(1, -1, 2) * y_i^2 * sin(x_i^4)
2022-02-20-20-30_seed_3150.png	3150	runif(1, -1, 2) * x_i^3 - sqrt(y_i^3) * y_i^3	runif(1, -1, 2) * y_i^2 * sin(x_i^4)
2022-02-20-20-31_seed_5590.png	5590	runif(1, -1, 20) * sqrt(y_i^3 + x_i^3)	runif(1, -1, 20) * y_i^2 * sin(x_i^4)
2022-02-20-20-31_seed_2426.png	2426	runif(1, -1, 20) * sqrt(y_i^3 + x_i^3)	runif(1, -1, 20) * y_i^2 * sin(x_i^4)
2022-02-20-20-32_seed_3824.png	3824	runif(1, -1, 1) * sqrt(y_i^3 + x_i^3)	runif(1, -1, 1) * y_i^3 * cos(x_i^2)
2022-02-20-20-32_seed_8140.png	8140	runif(1, -1, 1) * sqrt(y_i^3 + x_i^3)	runif(1, -1, 1) * y_i^3 * cos(x_i^2)
2022-02-20-20-34_seed_1986.png	1986	runif(1, -1, 1) * sqrt(y_i^3 + x_i^3)	runif(1, -1, 1) * y_i^3 * cos(x_i^2)
2022-02-20-20-34_seed_1606.png	1606	runif(1, -1, 1) * sqrt(y_i^3 + x_i^3)	runif(1, -1, 1) * y_i^3 * cos(x_i^2)
2022-02-20-20-35_seed_78.png	78	runif(1, -1, 1) * sin(y_i^3 + x_i^3)	runif(1, -1, 1) * y_i^3 * cos(x_i^2)
2022-02-20-20-35_seed_8553.png	8553	runif(1, -1, 1) * sin(y_i^3 + x_i^3)	runif(1, -1, 1) * y_i^3 * cos(x_i^2)
2022-02-20-20-36_seed_2169.png	2169	runif(1, -1, 1) * cosh(y_i^3 + x_i^3)	runif(1, -1, 1) * y_i^3 * cos(x_i^2)
2022-02-20-20-36_seed_2798.png	2798	runif(1, -1, 1) * cosh(y_i^3 + x_i^3)	runif(1, -1, 1) * y_i^3 * cos(x_i^2)
2022-02-20-20-37_seed_2956.png	2956	runif(1, -1, 1) * cosh(y_i^3 + x_i^5)	runif(1, -1, 1) * y_i^3 * sinh(x_i^5)
2022-02-20-20-37_seed_8554.png	8554	runif(1, -1, 1) * cosh(y_i^3 + x_i^5)	runif(1, -1, 1) * y_i^3 * sinh(x_i^5)
2022-02-20-20-38_seed_751.png	751	runif(1, -1, 1) * cosh(y_i^3)	runif(1, -1, 1) * sinh(x_i^5)
2022-02-20-20-38_seed_1766.png	1766	runif(1, -1, 1) * cosh(y_i^3)	runif(1, -1, 1) * sinh(x_i^5)
2022-02-20-20-38_seed_3567.png	3567	runif(1, -1, 1) * cos(y_i^3)	runif(1, -1, 1) * sin(x_i^5)
2022-02-20-20-39_seed_2805.png	2805	runif(1, -1, 1) * cos(y_i^3)	runif(1, -1, 1) * sin(x_i^5)
2022-02-20-20-40_seed_8876.png	8876	runif(1, -1, 1) * cos(y_i^7) * x_i	runif(1, -1, 1) * sin(x_i^3) * y_i
2022-02-20-20-40_seed_8422.png	8422	runif(1, -1, 1) * cos(y_i^7) * x_i	runif(1, -1, 1) * sin(x_i^3) * y_i
2022-02-20-20-41_seed_6029.png	6029	runif(1, -1, 1) * cos(y_i^7) * x_i	runif(1, -1, 1) * sin(x_i^3) * y_i
2022-02-20-20-41_seed_4753.png	4753	runif(1, -1, 1) * cos(y_i^7) * x_i	runif(1, -1, 1) * sin(x_i^3) * y_i
2022-02-20-20-41_seed_189.png	189	runif(1, -1, 1) * cos(y_i^7) * x_i	runif(1, -1, 1) * sin(x_i^3) * y_i
2022-02-20-20-42_seed_5699.png	5699	runif(1, -1, 1) * sin(y_i^7) * x_i	runif(1, -1, 1) * cos(x_i^3) * y_i
2022-02-20-20-43_seed_2844.png	2844	runif(1, -1, 1) * sin(y_i^7) * x_i	runif(1, -1, 1) * cos(x_i^3) * y_i
2022-02-20-20-43_seed_9858.png	9858	runif(1, -1, 1) * sin(y_i^7) * x_i	runif(1, -1, 1) * cos(x_i^3) * y_i
2022-02-20-20-44_seed_3658.png	3658	runif(1, -1, 1) * sin(y_i^7) * x_i	runif(1, -1, 1) * cos(x_i^5) * y_i
2022-02-20-20-44_seed_9045.png	9045	runif(1, -1, 1) * sin(y_i^7) * x_i	runif(1, -1, 1) * cos(x_i^5) * y_i
2022-02-20-20-44_seed_644.png	644	runif(1, -1, 1) * sin(y_i^7) * x_i	runif(1, -1, 1) * cos(x_i^5) * y_i
2022-02-20-20-45_seed_5777.png	5777	runif(1, -1, 1) * sin(y_i^7)	runif(1, -1, 1) * cos(x_i^5)
2022-02-20-20-46_seed_9076.png	9076	runif(1, -1, 1) * sin(y_i^7)	runif(1, -1, 1) * cos(x_i^5)
2022-02-20-20-46_seed_7684.png	7684	runif(1, -1, 1) * sin(y_i^7)	runif(1, -1, 1) * cos(x_i^5)
2022-02-20-20-47_seed_9705.png	9705	runif(1, -1, 1) * sin(y_i) + sqrt(x_i)	runif(1, -1, 1) * cos(x_i) * y_i
2022-02-20-20-47_seed_7643.png	7643	runif(1, -1, 1) * sin(y_i) + sqrt(x_i)	runif(1, -1, 1) * cos(x_i) * y_i
2022-02-20-20-47_seed_4918.png	4918	runif(1, -1, 1) * sin(y_i) + sqrt(x_i)	runif(1, -1, 1) * cos(x_i) * y_i
2022-02-20-20-49_seed_6581.png	6581	runif(1, -1, 1) * sin(y_i) + x_i^(1/2)	runif(1, -1, 1) * cos(x_i) * y_i
2022-02-20-20-49_seed_2536.png	2536	runif(1, -1, 1) * sin(y_i) + x_i^(1/2)	runif(1, -1, 1) * cos(x_i) * y_i
2022-02-20-20-49_seed_2152.png	2152	runif(1, -1, 1) * sin(y_i) + x_i^(1/2)	runif(1, -1, 1) * cos(x_i) * y_i
2022-02-20-20-50_seed_6288.png	6288	runif(1, -1, 1) * sin(y_i) * x_i^(1/2)	runif(1, -1, 1) * cos(x_i) * y_i
2022-02-20-20-51_seed_2628.png	2628	runif(1, -1, 1) * sin(y_i) * x_i^(7)	runif(1, -1, 1) * cos(x_i) * y_i
2022-02-20-20-51_seed_184.png	184	runif(1, -1, 1) * sin(y_i) * x_i^(3)	runif(1, -1, 1) * cos(x_i) * y_i
2022-02-20-20-53_seed_7590.png	7590	runif(1, -1, 1) * cos(y_i) * x_i^(5)	runif(1, -1, 1) * sin(x_i) * y_i
2022-02-20-20-53_seed_7982.png	7982	runif(1, -1, 1) * cos(y_i) * x_i^(5)	runif(1, -1, 1) * sin(x_i) * y_i
2022-02-20-20-53_seed_903.png	903	runif(1, -1, 1) * cos(y_i) * x_i^(5)	runif(1, -1, 1) * sin(x_i) * y_i
2022-02-20-20-54_seed_7712.png	7712	runif(1, -1, 1) * cos(y_i) * x_i^(5)	runif(1, -1, 1) * sin(x_i) * y_i^x_i
2022-02-20-20-54_seed_488.png	488	runif(1, -1, 1) * cos(y_i) * x_i^(5)	runif(1, -1, 1) * sin(x_i) * y_i^x_i
2022-02-20-20-54_seed_212.png	212	runif(1, -1, 1) * cos(y_i) * x_i^(5)	runif(1, -1, 1) * sin(x_i) * y_i^x_i
2022-02-20-20-55_seed_51.png	51	runif(1, -1, 1) * cos(y_i) * x_i^(5)	runif(1, -1, 1) * sin(x_i) * (y_i/x_i * 2)
2022-02-20-20-55_seed_481.png	481	runif(1, -1, 1) * cos(y_i) * x_i^(5)	runif(1, -1, 1) * sin(x_i) * (y_i/x_i * 2)
2022-02-20-20-55_seed_4770.png	4770	runif(1, -1, 1) * cos(y_i) * x_i^(5)	runif(1, -1, 1) * sin(x_i) * (y_i/x_i * 2)
2022-02-20-20-56_seed_7731.png	7731	runif(1, -1, 1) * cos(y_i) * x_i^(5)	runif(1, -1, 1) * sin(x_i) * (y_i/x_i)
2022-02-20-20-56_seed_519.png	519	runif(1, -1, 1) * cos(y_i) * x_i^(5)	runif(1, -1, 1) * sin(x_i) * (y_i/x_i)
2022-02-20-20-56_seed_1588.png	1588	runif(1, -1, 1) * cos(y_i) * x_i^(5)	runif(1, -1, 1) * sin(x_i) * (y_i/x_i)
2022-02-20-20-57_seed_3665.png	3665	runif(1, -1, 1) * cos(y_i) * x_i^(5)	runif(1, -1, 1) * sin(x_i) * sin(y_i/x_i)
2022-02-20-20-58_seed_3486.png	3486	runif(1, -1, 1) * cos(y_i) * sin(x_i^5)	runif(1, -1, 1) * sin(x_i) * sin(y_i/x_i)
2022-02-20-20-59_seed_9809.png	9809	runif(1, -1, 1) * cos(y_i) * sin(x_i^5)	runif(1, -1, 1) * sin(x_i) * sin(y_i/x_i)
2022-02-20-20-59_seed_8690.png	8690	runif(1, -1, 1) * cos(y_i) * sin(x_i^5)	runif(1, -1, 1) * sin(x_i) * sin(y_i/x_i)
2022-02-20-20-59_seed_6436.png	6436	runif(1, -1, 1) * cos(y_i) * sin(x_i^5)	runif(1, -1, 1) * sin(x_i) * sin(y_i/x_i)
2022-02-20-21-00_seed_9660.png	9660	runif(1, -1, 1) * cos(y_i) * sin(x_i^5)	runif(1, -1, 1) * cos(x_i) * cos(y_i/x_i)
2022-02-20-21-01_seed_8075.png	8075	runif(1, -1, 1) * cos(y_i) * sin(x_i^5)	runif(1, -1, 1) * cos(x_i) * cos(y_i/x_i)
2022-02-20-21-01_seed_6216.png	6216	runif(1, -1, 1) * cos(y_i) * sin(x_i^5)	runif(1, -1, 1) * cos(x_i) * cos(y_i/x_i)
2022-02-20-21-04_seed_5220.png	5220	runif(1, -1, 1) * cos(y_i^3) * y_i	runif(1, -1, 1) * sin(x_i^5) * x_i
2022-02-20-21-04_seed_4589.png	4589	runif(1, -1, 1) * cos(y_i^3) * y_i	runif(1, -1, 1) * sin(x_i^5) * x_i
2022-02-20-21-04_seed_2072.png	2072	runif(1, -1, 1) * cos(y_i^3) * y_i	runif(1, -1, 1) * sin(x_i^5) * x_i
2022-02-20-21-05_seed_1341.png	1341	runif(1, -1, 1) * cos(y_i^3) * y_i	runif(1, -1, 1) * sin(x_i^5) * y_i
2022-02-20-21-05_seed_2994.png	2994	runif(1, -1, 1) * cos(y_i^3) * y_i	runif(1, -1, 1) * sin(x_i^5) * y_i
2022-02-20-21-05_seed_7278.png	7278	runif(1, -1, 1) * cos(y_i^3) * y_i	runif(1, -1, 1) * sin(x_i^5) * y_i
2022-02-20-21-06_seed_9361.png	9361	runif(1, -1, 1) * cos(x_i^3) * y_i	runif(1, -1, 1) * sin(x_i^5) * y_i
2022-02-20-21-06_seed_7450.png	7450	runif(1, -1, 1) * cos(x_i^3) * y_i	runif(1, -1, 1) * sin(x_i^5) * y_i
2022-02-20-21-07_seed_1043.png	1043	runif(1, -1, 1) * cos(x_i^3) * y_i	runif(1, -1, 1) * sin(x_i^5) * y_i
2022-02-20-21-07_seed_3383.png	3383	runif(1, -1, 1) * sin(x_i^3) * y_i	runif(1, -1, 1) * sin(x_i^5) * y_i
2022-02-20-21-08_seed_4689.png	4689	runif(1, -1, 1) * sin(x_i^3) * y_i	runif(1, -1, 1) * sin(x_i^5) * y_i
2022-02-20-21-08_seed_9849.png	9849	runif(1, -1, 1) * sin(x_i^3) * y_i	runif(1, -1, 1) * sin(x_i^5) * y_i
2022-02-20-21-09_seed_1813.png	1813	runif(1, -1, 1) * sin(y_i^3) * x_i	runif(1, -1, 1) * cos(x_i^5) * y_i
2022-02-20-21-09_seed_4222.png	4222	runif(1, -1, 1) * sin(y_i^3) * x_i	runif(1, -1, 1) * cos(x_i^5) * y_i
2022-02-20-21-09_seed_5184.png	5184	runif(1, -1, 1) * sin(y_i^3) * x_i	runif(1, -1, 1) * cos(x_i^5) * y_i
2022-02-20-21-10_seed_4450.png	4450	runif(1, -1, 1) * sin(y_i^3) * x_i	runif(1, -1, 1) * cos(x_i^5) * y_i^2
2022-02-20-21-11_seed_1710.png	1710	runif(1, -1, 1) * sin(y_i^3) * x_i^5	runif(1, -1, 1) * cos(x_i^5) * y_i^3
2022-02-20-21-12_seed_1149.png	1149	runif(1, -1, 1) * sin(y_i^3) * x_i^5	runif(1, -1, 1) * sin(x_i^5) * y_i^3
2022-02-20-21-13_seed_235.png	235	runif(1, -1, 1) * cos(y_i^2) * x_i^5	runif(1, -1, 1) * cos(x_i^5) * sin(y_i^3)
2022-02-20-21-14_seed_7029.png	7029	runif(1, -1, 1) * sin(x_i^3) * cos(y_i^5)	runif(1, -1, 1) * cos(x_i^5) * sin(y_i^3)
2022-02-20-21-14_seed_8611.png	8611	runif(1, -1, 1) * sin(x_i^3) * cos(y_i^5)	runif(1, -1, 1) * cos(x_i^5) * sin(y_i^3)
2022-02-20-21-15_seed_7655.png	7655	runif(1, -1, 1) * sin(x_i^3) * cos(y_i^5)	runif(1, -1, 1) * sinh(x_i^5) * sin(y_i^3)
2022-02-20-21-16_seed_8712.png	8712	runif(1, -1, 1) * sin(x_i^3) * cos(y_i^5)	runif(1, -1, 1) * cos(x_i^5)/sin(y_i^3)
2022-02-20-21-16_seed_8721.png	8721	runif(1, -1, 1) * sin(x_i^3)/cos(y_i^5)	runif(1, -1, 1) * cos(x_i^5)/sin(y_i^3)
2022-02-20-21-18_seed_7008.png	7008	runif(1, -1, 1) * sin(x_i^7) * cos(y_i^9) + (x_i * y_i)	runif(1, -1, 1) * cos(x_i^5) * sin(y_i^7)
2022-02-20-21-19_seed_8422.png	8422	runif(1, -1, 1) * sin(x_i^7) * cos(y_i^9) + (x_i * y_i)	runif(1, -1, 1) * cos(x_i^5) * sin(y_i^7) - (x_i/y_i)
2022-02-20-21-19_seed_6029.png	6029	runif(1, -1, 1) * sin(x_i^7) * cos(y_i^9) + (x_i * y_i)	runif(1, -1, 1) * cos(x_i^5) * sin(y_i^7) - (x_i/y_i)
2022-02-20-21-20_seed_2882.png	2882	runif(1, -1, 1) * sin(x_i^7) * cos(y_i^9) + (x_i * y_i)	runif(1, -1, 1) * cos(x_i^5) * sin(y_i^7) * (x_i/y_i)
2022-02-20-21-20_seed_9128.png	9128	runif(1, -1, 1) * sin(x_i^7) * cos(y_i^9) + (x_i * y_i)	runif(1, -1, 1) * cos(x_i^5) * sin(y_i^7) * (x_i/y_i)
2022-02-20-21-20_seed_356.png	356	runif(1, -1, 1) * sin(x_i^7) * cos(y_i^9) + (x_i * y_i)	runif(1, -1, 1) * cos(x_i^5) * sin(y_i^7) * (x_i/y_i)
2022-02-20-21-21_seed_1470.png	1470	runif(1, -1, 1) * sin(x_i^7) * cos(y_i^9) + (x_i * y_i)	runif(1, -1, 1) * cos(x_i^5) * sin(y_i^7) * (x_i/y_i)
2022-02-20-21-22_seed_589.png	589	runif(1, -1, 1) * sin(x_i^7) * cos(y_i^9) + (x_i * y_i)	runif(1, -1, 1) * cos(x_i^5) * sin(y_i^7) * (x_i/y_i)
2022-02-20-21-22_seed_3030.png	3030	runif(1, -1, 1) * sin(x_i^7) * cos(y_i^9) + (x_i * y_i)	runif(1, -1, 1) * cos(x_i^5) * sin(y_i^7) * (x_i/y_i)
2022-02-20-21-22_seed_1423.png	1423	runif(1, -1, 1) * sin(x_i^7) * cos(y_i^9) + (x_i * y_i)	runif(1, -1, 1) * cos(x_i^5) * sin(y_i^7) * (x_i/y_i)
2022-02-20-21-23_seed_2552.png	2552	runif(1, -1, 1) * sin(x_i^7) * cos(y_i^9) * (y_i^4)	runif(1, -1, 1) * cos(x_i^5) * sin(y_i^7) * (x_i^3)
2022-02-20-21-23_seed_5359.png	5359	runif(1, -1, 1) * sin(x_i^7) * cos(y_i^9) * (y_i^4)	runif(1, -1, 1) * cos(x_i^5) * sin(y_i^7) * (x_i^3)
2022-02-20-21-24_seed_8142.png	8142	runif(1, -1, 1) * sin(x_i^7) * cos(y_i^9) * (y_i^4)	runif(1, -1, 1) * cos(x_i^5) * sin(y_i^7) * (x_i^3)
2022-02-20-21-24_seed_8867.png	8867	runif(1, -1, 1) * sin(x_i^7) + cos(y_i^9) * (y_i^4)	runif(1, -1, 1) * cos(x_i^5) + sin(y_i^7) * (x_i^3)
2022-02-20-21-24_seed_7752.png	7752	runif(1, -1, 1) * sin(x_i^7) + cos(y_i^9) * (y_i^4)	runif(1, -1, 1) * cos(x_i^5) + sin(y_i^7) * (x_i^3)
2022-02-20-21-25_seed_7239.png	7239	runif(1, -1, 1) * sin(x_i^7) + cos(y_i^9) * (y_i^4)	runif(1, -1, 1) * cos(x_i^5) + sin(y_i^7) * (x_i^3)
2022-02-20-21-26_seed_8915.png	8915	runif(1, -1, 1) * sin(y_i) + cos(x_i^9)	runif(1, -1, 1) * cos(x_i) + sin(y_i^7)
2022-02-20-21-26_seed_7314.png	7314	runif(1, -1, 1) * sin(y_i) + cos(x_i^5)	runif(1, -1, 1) * cos(x_i) + sin(y_i^3)
